video_id,title,category,publish_date,views,watch_time_seconds,likes,comments,shares,thumbnail_style
0001,Magic Puppy World #1,animation,2023-06-18,457644,172531788,13855,285,729,character_closeup
0002,Tiny Forest Heroes #2,entertainment,2024-04-17,183186,52208010,3746,118,1790,minimal
0003,Cool Garden Dreams #3,animation,2023-12-09,2207846,132470760,101683,7296,32198,bright
0004,Super Dragon World #4,animation,2023-04-17,1984470,367126950,75997,5711,29784,character_closeup
0005,Wild Garden Champions #5,entertainment,2023-06-24,974300,66252400,30593,2138,17445,cartoon
0006,Super Dragon Parade #6,entertainment,2024-12-28,811509,159867273,28852,786,6846,bright
0007,Giant Cloud Chaos #7,education,2024-09-18,2178878,793111592,106468,4611,7966,bright
0008,Mystery Kitchen Party #8,animation,2023-06-10,650552,157433584,27558,466,7706,colorful
0009,Super Pirate Chaos #9,animation,2024-03-16,2077155,423739620,55830,1702,37858,character_closeup
0010,Happy Puppy Daycare #10,animation,2023-05-10,263543,45065853,4018,460,729,character_closeup
0011,Secret Forest Heroes #11,animation,2023-05-11,1317811,239841602,24252,4361,20616,character_closeup
0012,Wild Castle Parade #12,education,2024-04-10,2186306,454751648,37476,5439,28449,character_closeup
0013,Bouncy Bubble Party #13,education,2024-05-13,751378,278761238,32632,697,10930,colorful
0014,Magic Kitchen Heroes #14,animation,2023-01-06,743771,72145787,29586,1519,9417,character_closeup
0015,Silly Moon Champions #15,animation,2024-08-04,1371892,163255148,54970,6612,20325,bright
0016,Cool Puppy Dreams #16,entertainment,2023-05-06,1920406,291901712,59453,9264,12382,character_closeup
0017,Sleepy Sunflower Builders #17,animation,2023-04-03,2171670,525544140,94260,4776,26117,bright
0018,Silly Space Chaos #18,animation,2023-05-04,672430,197694420,29301,646,1928,minimal
0019,Golden Bunny Champions #19,education,2023-01-12,214185,63612945,4270,212,503,minimal
0020,Secret Forest Sing-Along #20,education,2023-04-25,1732949,301533126,63056,4867,12436,cartoon
0021,Sweet Sunflower Friends #21,entertainment,2023-03-29,1759672,688031752,84527,3664,8282,colorful
0022,Mystery Moon Dreams #22,entertainment,2024-07-02,1604604,418801644,66163,4902,5558,bright
0023,Giant Dinosaur Builders #23,education,2024-03-01,1896378,174466776,42191,1225,7927,character_closeup
0024,Silly Dragon Friends #24,education,2024-03-20,1589855,486495630,34861,2151,12295,bright
0025,Fluffy Forest Adventures #25,animation,2023-11-12,2279508,854815500,59478,9509,17199,minimal
0026,Happy Princess Heroes #26,education,2023-01-12,564570,225263430,20033,2182,4818,cartoon
0027,Fluffy Robot World #27,entertainment,2024-09-29,220108,38298792,10802,1095,363,character_closeup
0028,Wild Robot Heroes #28,animation,2023-02-19,207490,55607320,9363,630,855,bright
0029,Bouncy Kitchen Parade #29,entertainment,2023-03-04,117242,26848418,5073,492,1502,cartoon
0030,Silly Bubble Heroes #30,education,2023-01-19,1517192,91031520,20243,804,29365,minimal
0031,Cool Robot Mystery #31,animation,2024-09-09,127857,21863547,6214,429,1175,colorful
0032,Golden Unicorn Parade #32,education,2023-10-15,2467239,643949379,32031,9698,8993,minimal
0033,Golden Pirate Heroes #33,entertainment,2023-02-09,2366509,421238602,112926,2460,46054,bright
0034,Super Crayon Heroes #34,education,2023-07-14,286659,120396780,11277,1270,4963,character_closeup
0035,Cosmic Moon Sing-Along #35,animation,2024-04-07,949384,297157192,16676,1568,8791,cartoon
0036,Brave Cookie Daycare #36,entertainment,2023-09-17,1668461,502206761,71155,5388,4716,colorful
0037,Little Bubble Chaos #37,education,2024-06-28,1891930,743528490,41444,8980,35603,minimal
0038,Happy Moon Daycare #38,education,2024-06-17,870210,251490690,37004,3371,2191,bright
0039,Mystery Dragon Friends #39,education,2023-04-01,588848,102459552,5996,1650,5336,bright
0040,Cosmic Bubble World #40,animation,2023-02-07,1131520,296458240,41025,2278,21719,colorful
0041,Secret Princess Builders #41,animation,2024-06-28,479670,133348260,15695,715,1415,cartoon
0042,Happy Kitten Champions #42,entertainment,2023-11-06,805945,81400445,35949,2997,5582,bright
0043,Super Pirate Champions #43,animation,2024-08-29,1899019,138628387,20384,2528,26300,bright
0044,Sparkly Cookie Friends #44,education,2024-07-10,1356392,324177688,65413,4910,12956,character_closeup
0045,Magic Garden Builders #45,animation,2023-07-29,1922823,199973592,26396,4738,13390,character_closeup
0046,Cool Cloud Party #46,entertainment,2023-07-09,211905,51281010,5967,801,1861,colorful
0047,Magic Moon Heroes #47,entertainment,2023-08-08,2264517,790316433,70725,2404,10452,colorful
0048,Fluffy Robot Chaos #48,education,2023-05-11,1557338,654081960,45414,5323,20041,minimal
0049,Super Moon Champions #49,animation,2023-08-19,1790158,741125412,43889,7254,34184,minimal
0050,Rainbow Pirate Mystery #50,animation,2023-06-22,203933,23860161,5311,809,1991,minimal
0051,Super Robot Daycare #51,entertainment,2024-06-10,1342024,96625728,35595,4464,3818,minimal
0052,Magic Garden Adventures #52,education,2024-06-21,1548227,328224124,37178,4215,10386,character_closeup
0053,Wild Kitchen Builders #53,entertainment,2023-08-05,1010102,406061004,13319,977,14044,bright
0054,Funny Crayon Chaos #54,education,2024-08-14,2146618,777075716,52525,5563,19120,cartoon
0055,Fluffy Crayon Heroes #55,education,2023-12-31,1469283,305610864,35071,2934,2066,character_closeup
0056,Cool Pirate World #56,entertainment,2024-10-16,1397199,237523830,44714,2825,15853,colorful
0057,Secret Princess Builders #57,education,2024-02-14,1468056,462437640,60122,5248,11769,cartoon
0058,Sparkly Puppy Sing-Along #58,animation,2023-10-28,1724752,520875104,23821,3575,26579,bright
0059,Bouncy Sunflower Sing-Along #59,animation,2023-09-24,2139726,464320542,29877,7195,34632,cartoon
0060,Little Ocean Friends #60,animation,2024-03-10,796820,68526520,19307,2855,8555,cartoon
0061,Giant Garden Dreams #61,entertainment,2023-07-21,2206062,352969920,94260,6270,42033,cartoon
0062,Fluffy Dragon World #62,animation,2024-02-02,1539848,167843432,72784,2072,15963,character_closeup
0063,Super Cloud Daycare #63,education,2023-12-04,897432,81666312,28960,2387,4197,bright
0064,Brave Unicorn Dreams #64,education,2024-12-09,1107541,431940990,16824,635,8541,minimal
0065,Brave Kitten Dreams #65,entertainment,2024-11-11,2180132,608256828,72819,9794,34876,character_closeup
0066,Mystery Pirate Friends #66,entertainment,2024-04-01,1460258,344620888,38293,5296,12881,bright
0067,Bouncy Robot Champions #67,animation,2023-09-23,721891,218732973,35930,2283,2732,bright
0068,Happy Dinosaur Party #68,entertainment,2024-06-04,1970925,179354175,25776,8713,35375,character_closeup
0069,Golden Moon Chaos #69,entertainment,2024-12-16,2051886,549905448,92752,3994,5545,minimal
0070,Brave Kitten Friends #70,entertainment,2024-04-02,551604,69502104,25407,2742,5896,colorful
0071,Golden Dragon World #71,education,2023-07-02,856936,130254272,40269,3564,5196,minimal
0072,Little Unicorn Sing-Along #72,animation,2024-12-28,2027195,478418020,51566,10120,31170,colorful
0073,Sparkly Kitten Heroes #73,education,2024-09-02,2125309,282666097,87433,2216,35141,bright
0074,Silly Robot Builders #74,education,2023-07-12,1126116,159908472,37739,2569,22338,character_closeup
0075,Tiny Moon Sing-Along #75,animation,2023-10-04,2470402,259392210,54735,5080,20535,bright
0076,Super Crayon Friends #76,education,2024-08-25,282294,72267264,7125,381,5494,cartoon
0077,Secret Cookie Friends #77,education,2024-11-17,2358971,393948157,81624,6149,14293,minimal
0078,Giant Kitten World #78,animation,2024-09-21,1012988,116493620,30625,3177,7808,bright
0079,Bouncy Kitten Champions #79,education,2023-08-29,654296,111230320,29673,1952,10644,character_closeup
0080,Giant Dragon Parade #80,entertainment,2024-09-14,1106754,71939010,40362,947,16812,colorful
0081,Mystery Dinosaur Adventures #81,education,2024-11-06,288548,50207352,6442,380,717,cartoon
0082,Cosmic Puppy Sing-Along #82,animation,2024-06-14,381190,67470630,18379,382,7303,minimal
0083,Sweet Cloud Heroes #83,entertainment,2023-01-15,843446,169532646,26339,3794,6641,bright
0084,Sweet Kitchen Builders #84,animation,2023-07-14,1643393,169269479,76356,910,32004,minimal
0085,Silly Castle Builders #85,education,2023-03-14,455885,39661995,4795,1271,5250,minimal
0086,Rainbow Sunflower Heroes #86,animation,2024-09-30,1093606,252622986,13510,655,11230,minimal
0087,Cosmic Robot Builders #87,entertainment,2023-08-31,244303,96743988,7279,210,1877,minimal
0088,Super Robot Friends #88,animation,2024-10-30,2192161,302518218,90731,6669,37844,bright
0089,Magic Crayon Mystery #89,animation,2024-08-01,1476917,290952649,72121,4655,26079,bright
0090,Tiny Bubble Parade #90,entertainment,2024-08-23,181200,51642000,8687,356,3530,character_closeup
0091,Silly Ocean Mystery #91,animation,2024-06-20,1297564,495669448,13978,804,15878,bright
0092,Silly Dinosaur World #92,education,2023-05-17,2419233,965273967,28364,8298,36272,minimal
0093,Tiny Kitchen World #93,entertainment,2024-09-09,2079101,189198191,76526,6450,34966,minimal
0094,Golden Crayon Dreams #94,animation,2023-05-10,1464937,465849966,56917,2703,24927,minimal
0095,Super Sunflower Sing-Along #95,entertainment,2023-11-01,1870314,486281640,48107,6242,26759,minimal
0096,Funny Castle Parade #96,entertainment,2023-09-12,1526595,486983805,69578,1636,30265,character_closeup
0097,Super Pirate Mystery #97,education,2024-07-08,920036,93843672,40262,730,17032,colorful
0098,Fluffy Crayon Heroes #98,animation,2023-04-13,910482,244919658,11618,2458,16829,character_closeup
0099,Secret Princess Adventures #99,education,2024-04-23,2303359,702524495,51004,2827,8203,minimal
0100,Golden Princess Champions #100,education,2024-04-18,689241,182648865,20839,771,10688,cartoon
0101,Secret Bubble Adventures #101,animation,2024-04-17,1199406,104348322,59618,5412,11296,bright
0102,Bouncy Kitten Heroes #102,entertainment,2023-11-30,2116582,436015892,38157,4982,3651,minimal
0103,Funny Bunny Parade #103,animation,2023-11-10,820859,50072399,8231,2557,9198,minimal
0104,Golden Dinosaur Heroes #104,entertainment,2023-04-12,2208849,481529082,50434,9386,31619,character_closeup
0105,Cool Robot World #105,animation,2024-07-06,238401,77957127,2561,144,2735,cartoon
0106,Bouncy Moon Champions #106,animation,2023-11-20,2002399,682818059,45930,6502,16947,bright
0107,Sleepy Cookie World #107,animation,2023-01-21,1236709,153351916,13531,1664,1845,character_closeup
0108,Golden Dragon World #108,animation,2023-10-19,1769284,624557252,51251,1929,16186,character_closeup
0109,Brave Space Mystery #109,entertainment,2024-01-09,1272370,122147520,60374,3788,7285,minimal
0110,Sparkly Unicorn Dreams #110,education,2024-12-25,1849306,408696626,49457,5031,2731,colorful
0111,Bouncy Castle Adventures #111,animation,2024-10-31,665963,123869118,31885,2357,3302,minimal
0112,Golden Dragon Mystery #112,animation,2023-01-21,1833582,462062664,63993,6876,18758,colorful
0113,Silly Dinosaur Chaos #113,education,2023-09-30,2034039,628518051,70578,8671,30718,cartoon
0114,Brave Princess Mystery #114,education,2023-04-27,1485481,203510897,54735,7169,19867,colorful
0115,Happy Princess Party #115,entertainment,2024-06-17,93447,22894515,3731,325,822,colorful
0116,Super Princess Parade #116,education,2024-10-03,2020318,248499114,37807,2580,37669,bright
0117,Magic Moon Chaos #117,entertainment,2023-10-09,1616736,379932960,45760,4877,24107,character_closeup
0118,Cosmic Moon Sing-Along #118,animation,2023-02-10,2252718,569937654,69519,6546,29500,colorful
0119,Golden Sunflower Sing-Along #119,entertainment,2023-01-09,1681347,628823778,27811,6344,8925,colorful
0120,Golden Castle Daycare #120,entertainment,2023-03-11,1249963,204993932,23656,949,19292,character_closeup
0121,Bouncy Dinosaur Builders #121,entertainment,2024-07-01,1765862,679856870,63857,7540,18527,cartoon
0122,Cool Puppy Mystery #122,education,2023-01-10,622077,239499645,8642,329,4095,minimal
0123,Little Bubble World #123,entertainment,2024-08-04,968166,173301714,37328,2050,14265,minimal
0124,Little Unicorn Adventures #124,education,2024-03-20,1914122,354112570,21088,5697,25572,cartoon
0125,Sweet Bunny Sing-Along #125,animation,2023-08-05,163189,24151972,5791,335,3157,cartoon
0126,Cosmic Ocean Parade #126,animation,2023-01-26,1849711,625202318,83933,8729,16712,cartoon
0127,Brave Ocean Daycare #127,education,2024-02-18,1116791,418796625,47071,2042,21683,character_closeup
0128,Sparkly Unicorn World #128,entertainment,2024-05-23,327709,71768271,13774,1112,1796,bright
0129,Super Princess Champions #129,animation,2023-01-11,1584633,508667193,45344,5086,24045,minimal
0130,Sweet Kitten World #130,education,2023-05-01,439109,93091108,9103,601,4809,cartoon
0131,Funny Dragon Friends #131,entertainment,2024-04-30,1779802,295447132,68775,4507,11276,cartoon
0132,Giant Unicorn Adventures #132,entertainment,2024-09-01,2101201,464365421,25022,9196,25587,cartoon
0133,Sleepy Dinosaur Heroes #133,entertainment,2024-01-29,2198169,206627886,50966,2912,41920,bright
0134,Little Garden Dreams #134,entertainment,2024-12-27,863295,279707580,27290,1358,7231,minimal
0135,Brave Kitchen Builders #135,education,2023-09-22,2110794,164641932,92115,6439,12025,colorful
0136,Fluffy Dinosaur Daycare #136,entertainment,2024-04-13,929085,145866345,22313,4120,6833,bright
0137,Wild Space Party #137,education,2023-03-30,1654924,292921548,62943,2079,6833,cartoon
0138,Giant Moon Heroes #138,entertainment,2023-04-24,1700598,328215414,26745,3776,13651,minimal
0139,Secret Dinosaur Adventures #139,animation,2023-01-05,1905152,670613504,83712,9123,4473,cartoon
0140,Cool Cookie Sing-Along #140,education,2023-09-12,1463562,282467466,51584,3528,15385,colorful
0141,Brave Castle Builders #141,entertainment,2024-07-11,550521,52299495,13413,937,8037,minimal
0142,Magic Crayon Dreams #142,entertainment,2023-03-16,2461797,539133543,58050,8883,35594,cartoon
0143,Fluffy Castle Adventures #143,entertainment,2024-11-08,1646532,676724652,46198,899,4390,character_closeup
0144,Brave Kitchen World #144,entertainment,2023-06-24,36281,7510167,963,157,657,colorful
0145,Rainbow Moon Champions #145,education,2023-09-16,1557048,594792336,73282,2634,10930,colorful
0146,Cool Cloud Mystery #146,entertainment,2023-05-21,825384,293011320,18752,1300,12960,colorful
0147,Secret Moon Heroes #147,entertainment,2023-01-13,2206321,251520594,106652,4023,22234,cartoon
0148,Little Space Mystery #148,entertainment,2023-04-08,2323463,664510418,68871,2643,34702,colorful
0149,Rainbow Cloud Builders #149,animation,2024-12-29,2171942,579908514,94345,3752,26607,minimal
0150,Cosmic Bubble Heroes #150,animation,2023-11-28,640201,206144722,6747,782,7662,character_closeup
0151,Giant Space Parade #151,education,2023-04-14,1934568,810583992,75628,8058,7285,cartoon
0152,Sweet Kitten Mystery #152,animation,2024-04-21,1218245,483643265,50667,3061,14281,character_closeup
0153,Mystery Ocean World #153,education,2023-08-27,145784,35571296,4385,394,2157,colorful
0154,Sleepy Dragon World #154,animation,2024-08-02,954424,250059088,19144,1000,16140,bright
0155,Tiny Kitchen Adventures #155,education,2024-09-12,2059149,500373207,27419,4907,10292,character_closeup
0156,Sparkly Pirate Dreams #156,entertainment,2024-06-10,2118406,529601500,81261,1253,9890,character_closeup
0157,Rainbow Sunflower Chaos #157,entertainment,2024-02-23,2103409,883431780,60600,8548,6458,bright
0158,Rainbow Pirate Dreams #158,education,2024-06-17,1938073,372110016,88507,6127,35739,bright
0159,Bouncy Kitten Daycare #159,entertainment,2024-01-05,796982,319589782,8424,2094,5366,minimal
0160,Tiny Space Chaos #160,animation,2023-01-21,638243,125095628,16597,834,4504,cartoon
0161,Funny Kitten World #161,education,2024-01-10,800490,128878890,31015,3353,6550,minimal
0162,Cool Ocean Daycare #162,entertainment,2023-01-21,811593,73854963,12436,2475,9953,cartoon
0163,Sparkly Moon Chaos #163,education,2024-02-07,2482795,670354650,87449,5350,19610,bright
0164,Sweet Dragon Mystery #164,entertainment,2023-08-16,1365758,170719750,66796,4482,23934,character_closeup
0165,Sleepy Dinosaur Champions #165,education,2024-12-17,2137039,147455691,52845,9704,28085,minimal
0166,Sleepy Ocean World #166,animation,2024-05-15,375226,102811924,5806,1429,6746,colorful
0167,Magic Crayon Mystery #167,animation,2023-10-15,1184151,387217377,19968,1102,11363,minimal
0168,Happy Kitten Builders #168,entertainment,2024-03-25,459710,54245780,19046,859,6714,colorful
0169,Magic Cloud Parade #169,entertainment,2024-02-05,1657679,233732739,55764,7221,15972,minimal
0170,Cool Kitten Daycare #170,animation,2024-03-07,1018951,307723202,23074,4606,1573,bright
0171,Funny Princess Adventures #171,education,2024-09-08,1938216,635734848,52423,4565,12191,cartoon
0172,Sleepy Dragon Mystery #172,entertainment,2024-12-12,1995961,588808495,44015,4790,11485,bright
0173,Funny Space Friends #173,entertainment,2023-08-13,1527504,501021312,35895,921,25236,bright
0174,Cool Ocean Daycare #174,entertainment,2023-04-07,1632517,251407618,35177,5404,25667,colorful
0175,Bouncy Sunflower Champions #175,animation,2024-04-07,2103452,616311436,102721,3945,13007,cartoon
0176,Sparkly Garden Parade #176,education,2023-02-11,407330,122199000,11960,1711,882,character_closeup
0177,Funny Moon Daycare #177,education,2023-07-10,2003102,450697950,93588,1416,39493,minimal
0178,Magic Cookie Heroes #178,entertainment,2024-03-11,1622137,522328114,74621,7707,3905,minimal
0179,Cosmic Dragon Dreams #179,education,2024-06-26,1918152,234014544,85947,2292,27804,minimal
0180,Sweet Forest Party #180,education,2024-06-05,481250,64006250,20806,482,8806,cartoon
0181,Golden Space Builders #181,entertainment,2024-01-06,2313177,261389001,111379,5484,44469,bright
0182,Cosmic Bubble Heroes #182,animation,2023-12-27,2231321,178505680,26154,10141,31921,cartoon
0183,Wild Dragon Sing-Along #183,animation,2023-02-26,966218,128506994,40314,1712,12796,minimal
0184,Little Ocean Adventures #184,entertainment,2023-09-19,941225,89416375,23340,3190,12953,bright
0185,Sleepy Sunflower Daycare #185,education,2023-03-29,2338854,573019230,102263,2579,26431,cartoon
0186,Tiny Bunny Friends #186,education,2023-09-12,1417206,276355170,17342,2275,25687,character_closeup
0187,Sleepy Crayon Chaos #187,entertainment,2023-01-27,2370249,616264740,76415,9991,44539,colorful
0188,Giant Crayon Dreams #188,animation,2023-11-19,1793595,590092755,33651,4362,23802,minimal
0189,Magic Puppy Dreams #189,animation,2024-01-18,1026742,187893786,44120,3237,7680,bright
0190,Rainbow Moon Dreams #190,animation,2024-08-26,585828,185121648,23092,1330,11035,colorful
0191,Mystery Space Champions #191,entertainment,2024-02-27,2475057,532137255,82716,11870,12473,cartoon
0192,Golden Dragon Sing-Along #192,entertainment,2023-01-24,106529,28656301,2824,363,1973,character_closeup
0193,Super Forest Heroes #193,education,2023-01-18,1929982,752692980,43844,5060,10816,minimal
0194,Sweet Pirate Mystery #194,education,2023-09-11,1699847,345068941,31057,8431,27729,minimal
0195,Happy Cookie Parade #195,entertainment,2023-02-22,445328,41860832,13395,330,1528,bright
0196,Fluffy Dinosaur Friends #196,education,2024-03-15,845251,54941315,29516,1441,1038,cartoon
0197,Rainbow Sunflower Parade #197,entertainment,2024-04-08,2041085,185738735,78485,3962,29221,minimal
0198,Magic Puppy Party #198,education,2023-08-18,1732164,119519316,34268,1499,27876,cartoon
0199,Golden Dragon Daycare #199,education,2023-05-29,1143527,456267273,45946,1135,22073,character_closeup
0200,Magic Garden Heroes #200,education,2023-04-23,2128686,623704998,44219,9051,26050,cartoon
0201,Secret Kitten Chaos #201,animation,2024-05-12,1036401,274646265,40114,713,9835,cartoon
0202,Sparkly Pirate Daycare #202,education,2023-01-17,1823854,649292024,57272,3553,6748,cartoon
0203,Wild Garden Adventures #203,entertainment,2024-01-29,376995,82561905,15135,1198,7045,minimal
0204,Golden Sunflower Champions #204,education,2024-11-30,807425,293095275,17112,1017,14859,minimal
0205,Sweet Unicorn Mystery #205,education,2024-04-18,2177513,446390165,38428,8831,26441,cartoon
0206,Little Cookie Daycare #206,entertainment,2023-08-06,1478094,239451228,41733,1769,25181,colorful
0207,Tiny Castle Daycare #207,education,2024-04-11,632403,227665080,24249,1424,1410,cartoon
0208,Little Dragon Friends #208,animation,2023-10-06,2200875,226690125,95542,4606,43516,character_closeup
0209,Brave Crayon Adventures #209,education,2024-10-23,955437,244591872,15730,4748,1752,minimal
0210,Little Castle Builders #210,education,2023-11-23,1146493,444839284,57133,5292,5791,bright
0211,Golden Kitten Parade #211,entertainment,2024-10-01,58506,21062160,1942,161,402,colorful
0212,Happy Dinosaur Parade #212,education,2023-06-27,1110685,288778100,52889,964,7515,cartoon
0213,Secret Ocean Daycare #213,education,2023-09-10,1420625,419084375,33626,2313,11352,character_closeup
0214,Sleepy Forest World #214,animation,2024-02-29,39491,10425624,1541,137,648,colorful
0215,Happy Ocean Sing-Along #215,entertainment,2024-10-18,1494304,149430400,36636,6279,8892,minimal
0216,Sleepy Princess Daycare #216,education,2023-06-21,1877836,326743464,90446,3331,34624,colorful
0217,Sparkly Forest Sing-Along #217,education,2023-03-07,2195184,827584368,58634,5679,35654,minimal
0218,Silly Garden Builders #218,entertainment,2023-12-03,262446,18896112,3150,917,3455,bright
0219,Little Garden Daycare #219,education,2024-01-18,2144371,617578848,72000,1308,42773,colorful
0220,Wild Unicorn Parade #220,animation,2024-09-28,1481975,484605825,43667,6969,4789,minimal
0221,Secret Castle Dreams #221,animation,2023-02-24,1611924,398145228,76474,7692,21254,character_closeup
0222,Magic Unicorn Heroes #222,entertainment,2023-07-31,1254498,238354620,13846,4364,12235,colorful
0223,Cool Robot Chaos #223,education,2024-12-24,790511,108300007,28732,624,12152,character_closeup
0224,Giant Bunny Dreams #224,entertainment,2023-07-22,2299659,503625321,77786,5587,30476,cartoon
0225,Cool Forest Friends #225,education,2024-05-09,1209825,245594475,24174,2149,16355,minimal
0226,Secret Bubble Party #226,education,2023-02-04,2371162,552480746,43385,2439,11248,cartoon
0227,Brave Dinosaur Builders #227,education,2024-06-27,1241700,509097000,40255,5130,16169,colorful
0228,Mystery Bubble Chaos #228,education,2024-08-28,943061,353647875,30707,2640,14513,bright
0229,Sleepy Castle Sing-Along #229,entertainment,2023-01-10,2071290,679383120,95064,3354,15944,minimal
0230,Bouncy Kitchen Builders #230,education,2024-12-10,1732766,202733622,24336,7271,28378,colorful
0231,Sleepy Space Mystery #231,education,2024-01-23,1923011,274990573,64650,6070,3060,minimal
0232,Sleepy Moon Friends #232,entertainment,2024-05-30,1348803,261667782,58974,1776,3930,minimal
0233,Giant Robot Dreams #233,animation,2023-11-28,1103942,96042954,29671,2214,2350,colorful
0234,Happy Dragon Champions #234,education,2023-11-01,2362130,987370340,87378,10255,32235,minimal
0235,Fluffy Kitchen Friends #235,education,2024-12-20,605276,156766484,20846,2645,8922,bright
0236,Cool Sunflower Daycare #236,entertainment,2024-02-07,2281711,260115054,76472,8004,22753,cartoon
0237,Little Sunflower Builders #237,entertainment,2023-10-10,337358,116388510,13940,874,4868,minimal
0238,Cosmic Kitchen Daycare #238,animation,2024-03-17,175265,44867840,4811,211,1627,character_closeup
0239,Golden Castle World #239,education,2024-04-09,661363,184520277,8326,1441,8283,bright
0240,Secret Princess Dreams #240,entertainment,2024-10-19,1126457,446076972,11612,4245,7833,colorful
0241,Little Pirate Dreams #241,entertainment,2023-12-28,110256,13340976,2918,445,957,bright
0242,Magic Bubble Adventures #242,entertainment,2024-10-04,1140456,185894328,35947,1482,6328,minimal
0243,Tiny Dinosaur Parade #243,animation,2023-03-01,2464682,596453044,63356,8062,43121,bright
0244,Sleepy Garden Chaos #244,entertainment,2024-11-06,2088442,722600932,48073,4800,4389,colorful
0245,Happy Bunny Chaos #245,animation,2024-06-13,484565,140039285,13162,1980,2128,bright
0246,Super Pirate Mystery #246,education,2023-08-02,620125,46509375,18975,1830,9889,cartoon
0247,Mystery Forest Daycare #247,animation,2024-12-07,995690,74676750,22340,970,4318,minimal
0248,Brave Sunflower Heroes #248,education,2024-05-20,1521727,543256539,33787,2050,3297,colorful
0249,Funny Cookie Daycare #249,education,2023-03-05,1311401,208512759,44599,5342,10750,colorful
0250,Giant Cloud Heroes #250,animation,2023-10-27,1770482,143409042,29249,3062,15438,bright
0251,Silly Ocean World #251,education,2023-07-30,2106789,709987893,73600,5539,15412,character_closeup
0252,Happy Dragon Builders #252,animation,2023-07-11,1321932,452100744,33921,3070,3039,bright
0253,Happy Garden Party #253,education,2023-11-16,1258069,383711045,23014,2780,9515,bright
0254,Tiny Cookie Party #254,animation,2023-07-12,2130169,357868392,51177,5141,22579,bright
0255,Tiny Puppy Sing-Along #255,animation,2023-04-29,2268227,294869510,63040,6790,8571,bright
0256,Funny Dinosaur Sing-Along #256,education,2023-12-30,2152105,144191035,47329,10360,39245,character_closeup
0257,Magic Moon World #257,entertainment,2024-07-16,2068512,339235968,47046,10139,20173,minimal
0258,Wild Dinosaur Sing-Along #258,entertainment,2024-02-05,48875,4349875,2175,186,671,character_closeup
0259,Cool Crayon Heroes #259,education,2023-07-08,349741,43367884,4762,344,4448,minimal
0260,Fluffy Unicorn Sing-Along #260,education,2023-03-23,2060653,605831982,100309,1662,22798,cartoon
0261,Happy Ocean Chaos #261,education,2024-06-04,398605,32287005,9288,1233,7172,bright
0262,Wild Ocean Daycare #262,education,2023-02-01,594457,192604068,17251,1864,6340,minimal
0263,Giant Castle Heroes #263,entertainment,2024-12-25,627730,204639980,23920,441,10843,bright
0264,Sleepy Cloud Builders #264,education,2024-02-01,228328,88591264,4222,263,3071,colorful
0265,Little Ocean Mystery #265,education,2024-03-21,2360666,285640586,114150,8742,25888,bright
0266,Mystery Space World #266,entertainment,2023-10-15,1408347,302794605,30878,3589,8641,minimal
0267,Tiny Kitten Sing-Along #267,education,2023-07-05,8805,3477975,362,7,102,character_closeup
0268,Brave Crayon Friends #268,education,2023-02-05,1255270,482023680,55332,5300,14682,minimal
0269,Giant Pirate Chaos #269,education,2024-02-15,1036971,120288636,30597,2518,7820,minimal
0270,Little Kitten Daycare #270,entertainment,2024-01-09,1683763,223940479,78738,914,20106,minimal
0271,Super Kitten Heroes #271,animation,2023-03-01,1260242,478891960,55421,1847,22448,character_closeup
0272,Wild Moon World #272,entertainment,2024-08-25,1702070,524237560,55532,8356,3868,colorful
0273,Tiny Garden Heroes #273,education,2024-01-31,2365519,366655445,71220,9308,2789,colorful
0274,Tiny Space Mystery #274,entertainment,2024-07-01,676967,134716433,22047,3330,797,cartoon
0275,Sparkly Puppy World #275,entertainment,2023-06-04,1374358,283117748,28243,6800,24644,minimal
0276,Golden Cloud Chaos #276,animation,2023-11-10,1084816,74852304,27088,2441,16831,cartoon
0277,Super Unicorn Friends #277,animation,2024-11-25,70222,22471040,2703,343,492,cartoon
0278,Golden Kitten Parade #278,entertainment,2023-04-25,1080827,255075172,30059,4575,13303,minimal
0279,Brave Castle Builders #279,animation,2024-10-17,977981,376522685,41644,3110,3363,colorful
0280,Sleepy Garden Mystery #280,animation,2024-05-29,70448,23036496,1413,162,1360,cartoon
0281,Happy Princess World #281,animation,2024-08-17,1359298,225643468,19905,5928,15815,character_closeup
0282,Funny Bubble Dreams #282,animation,2024-06-15,1648341,329668200,44625,8150,18044,colorful
0283,Rainbow Forest World #283,animation,2023-09-14,2015613,417231891,46120,6118,22011,bright
0284,Funny Princess Parade #284,education,2024-07-19,2230040,805044440,54327,1345,37028,cartoon
0285,Wild Ocean Friends #285,entertainment,2023-07-24,1554731,550374774,71793,5064,11950,cartoon
0286,Sleepy Space Sing-Along #286,entertainment,2024-07-09,1847269,474748133,86510,3862,11072,minimal
0287,Golden Bunny Chaos #287,entertainment,2023-04-17,2218077,807380028,54062,9384,14424,colorful
0288,Super Unicorn World #288,entertainment,2023-08-25,2009928,671315952,81206,8432,37222,colorful
0289,Sparkly Space Champions #289,entertainment,2024-03-11,2074878,209562678,97697,7844,31685,bright
0290,Cool Castle Daycare #290,entertainment,2023-08-01,1870025,304814075,33645,5125,29472,minimal
0291,Fluffy Robot Builders #291,entertainment,2024-02-03,1388064,528852384,68698,2927,12926,bright
0292,Tiny Unicorn Dreams #292,entertainment,2023-12-06,635968,82675840,22924,1439,8807,character_closeup
0293,Bouncy Puppy Adventures #293,entertainment,2024-06-28,814725,113246775,18516,4024,11922,cartoon
0294,Golden Princess World #294,education,2023-11-30,661696,207110848,24856,2808,8822,colorful
0295,Brave Crayon Parade #295,entertainment,2024-05-19,2429622,775049418,38933,6059,9551,cartoon
0296,Giant Bunny Heroes #296,animation,2024-05-23,2379124,632846984,44966,7283,27811,cartoon
0297,Happy Cookie Builders #297,education,2023-01-17,751628,310422364,26428,2971,8107,character_closeup
0298,Giant Forest Parade #298,entertainment,2023-06-27,461597,120938414,8254,2054,5385,minimal
0299,Fluffy Puppy Parade #299,animation,2023-06-21,947418,70108932,39306,3750,16377,minimal
0300,Sweet Cookie Sing-Along #300,entertainment,2024-03-18,606566,54590940,6287,2429,1580,character_closeup
0301,Bouncy Sunflower Sing-Along #301,education,2023-12-14,2027056,512845168,94000,2813,20480,minimal
0302,Rainbow Garden Daycare #302,education,2024-11-10,1489248,202537728,24795,4748,21592,bright
0303,Cosmic Dinosaur Champions #303,education,2023-12-05,186673,30241026,6143,715,1627,character_closeup
0304,Golden Space Chaos #304,education,2023-09-02,2467724,528092936,110742,3814,47639,bright
0305,Cool Kitchen Daycare #305,entertainment,2024-06-11,516226,152802896,8313,2390,5552,colorful
0306,Fluffy Castle Party #306,entertainment,2024-08-28,1815020,726008000,50155,1323,13120,minimal
0307,Golden Cookie Mystery #307,entertainment,2024-07-12,225250,91902000,4388,471,2907,colorful
0308,Sweet Unicorn Heroes #308,animation,2024-10-10,828590,300778170,16073,445,14428,character_closeup
0309,Sweet Ocean Champions #309,entertainment,2024-07-11,1824775,461668075,21021,8125,11351,cartoon
0310,Tiny Dragon Friends #310,animation,2023-02-02,1793430,722752290,20872,8771,17923,bright
0311,Brave Cookie Party #311,entertainment,2023-07-18,1468938,450963966,37744,5274,16535,bright
0312,Little Moon World #312,animation,2024-12-02,1435374,99040806,45277,6356,2248,minimal
0313,Rainbow Unicorn Champions #313,education,2024-11-19,1071592,281828696,19316,2190,17104,cartoon
0314,Magic Kitten Builders #314,entertainment,2024-05-15,27010,3106150,1185,66,360,character_closeup
0315,Bouncy Kitten Chaos #315,entertainment,2024-04-13,1731893,405262962,73697,3243,10275,character_closeup
0316,Happy Robot Dreams #316,entertainment,2024-01-15,1286929,193039350,38683,1525,5042,character_closeup
0317,Little Garden Dreams #317,education,2024-09-30,1137081,308148951,19780,5067,22353,colorful
0318,Silly Forest Party #318,education,2024-10-05,2350459,267952326,115701,8201,36255,bright
0319,Magic Bunny Chaos #319,entertainment,2024-08-21,794702,96953644,21349,1440,11032,cartoon
0320,Silly Princess Builders #320,animation,2024-02-22,757843,267518579,22855,1795,5020,minimal
0321,Happy Sunflower World #321,entertainment,2024-12-11,1442770,460243630,36439,4774,25854,cartoon
0322,Cool Kitchen Chaos #322,entertainment,2023-01-24,280828,64309612,7382,623,4866,bright
0323,Mystery Crayon Champions #323,animation,2023-07-13,1088341,368947599,36860,2476,3276,cartoon
0324,Bouncy Pirate Parade #324,animation,2024-07-08,1816431,612137247,76944,7159,28601,character_closeup
0325,Super Pirate World #325,entertainment,2024-05-27,504457,54481356,12990,880,3059,minimal
0326,Happy Robot Heroes #326,animation,2024-04-23,443480,68295920,22083,1780,2206,bright
0327,Silly Unicorn Heroes #327,education,2023-01-01,1751863,275042491,53671,6299,29804,minimal
0328,Sweet Robot Champions #328,animation,2023-08-05,141155,15103585,2236,100,1229,cartoon
0329,Golden Bunny Builders #329,education,2023-02-08,2331062,832189134,74347,9681,45488,cartoon
0330,Little Kitchen Party #330,education,2023-09-09,255359,54136108,10674,432,3134,bright
0331,Mystery Princess Champions #331,education,2024-12-05,1187704,136585960,51711,1099,11996,cartoon
0332,Happy Sunflower Champions #332,entertainment,2023-07-14,2393038,557577854,74118,7317,12321,minimal
0333,Golden Garden Heroes #333,education,2023-05-18,946043,394499931,12137,3489,2711,colorful
0334,Bouncy Castle Chaos #334,animation,2023-08-09,639744,99160320,10056,725,5323,character_closeup
0335,Cool Dragon Sing-Along #335,entertainment,2023-01-17,2140879,755730287,88578,6830,32308,bright
0336,Secret Moon Adventures #336,education,2023-02-08,1232149,101036218,48263,4323,1724,minimal
0337,Little Cookie Party #337,animation,2023-07-27,1600095,203212065,40658,7913,19127,cartoon
0338,Little Unicorn Friends #338,entertainment,2023-04-07,2018120,209884480,48088,7108,13143,minimal
0339,Super Pirate Dreams #339,education,2023-02-21,323812,98438848,12620,412,1939,minimal
0340,Tiny Kitten Sing-Along #340,entertainment,2023-05-30,1336493,372881547,15596,6190,25006,character_closeup
0341,Funny Garden Heroes #341,animation,2023-06-14,641678,226512334,25826,646,10617,colorful
0342,Cosmic Kitten Parade #342,education,2024-03-15,1705658,646444382,53105,6416,22813,colorful
0343,Golden Sunflower Chaos #343,animation,2023-10-10,1300051,378314841,29665,3090,22989,bright
0344,Sparkly Cloud Builders #344,entertainment,2024-10-22,2465469,1010842290,123257,6297,17965,character_closeup
0345,Fluffy Crayon Daycare #345,education,2024-03-19,1382150,450580900,38895,6743,13277,cartoon
0346,Cosmic Moon Builders #346,animation,2024-09-11,2272627,495432686,71210,9268,16573,minimal
0347,Giant Ocean Friends #347,animation,2024-10-29,819531,290933505,9989,3923,2484,colorful
0348,Sleepy Kitten Dreams #348,education,2024-09-24,1313844,542617572,17011,2085,10077,minimal
0349,Rainbow Moon Party #349,education,2024-08-17,2449212,337991256,53376,3275,41403,cartoon
0350,Magic Unicorn Friends #350,entertainment,2024-02-12,1117416,296115240,50942,2456,21184,bright
0351,Wild Ocean Friends #351,education,2024-12-09,2209425,205476525,22223,6024,23678,character_closeup
0352,Happy Bubble Heroes #352,education,2024-11-02,300271,107797289,3841,622,2925,cartoon
0353,Magic Unicorn Builders #353,education,2024-11-26,1053502,320264608,28427,1112,12128,cartoon
0354,Funny Robot Champions #354,entertainment,2023-01-29,343158,62454756,11837,1567,2867,bright
0355,Happy Kitten Dreams #355,animation,2023-09-08,1846948,142214996,71068,3992,35486,cartoon
0356,Magic Sunflower Parade #356,animation,2023-05-31,1449271,362317750,58677,5777,8110,cartoon
0357,Magic Dinosaur Champions #357,animation,2023-11-06,706284,290282724,20466,2656,10801,colorful
0358,Secret Robot Daycare #358,education,2023-02-09,1592601,635447799,20953,4398,28936,bright
0359,Wild Cookie Friends #359,entertainment,2023-12-19,672765,124461525,8277,3270,11054,character_closeup
0360,Silly Kitchen Sing-Along #360,animation,2024-10-10,1082169,133106787,22640,1680,9027,bright
0361,Happy Puppy Builders #361,entertainment,2024-08-30,266423,95113011,12566,968,3020,bright
0362,Fluffy Dinosaur Heroes #362,animation,2023-12-26,2353659,661378179,92826,3814,3874,cartoon
0363,Magic Kitten Heroes #363,education,2024-03-23,1721902,514848698,53107,5495,28062,bright
0364,Golden Puppy Parade #364,animation,2023-04-07,2209875,775666125,89070,8855,39372,minimal
0365,Fluffy Space Friends #365,entertainment,2024-06-30,1949778,477695610,32314,4755,37682,bright
0366,Golden Robot Sing-Along #366,entertainment,2024-07-28,2155949,176787818,33132,1510,6475,cartoon
0367,Bouncy Princess Champions #367,education,2024-03-06,1534690,586251580,19833,1593,11503,cartoon
0368,Silly Crayon Adventures #368,entertainment,2024-04-10,519227,65941829,24613,1279,6328,minimal
0369,Happy Kitten Mystery #369,entertainment,2023-12-23,2368128,703334016,41696,6129,3352,cartoon
0370,Bouncy Moon Champions #370,animation,2024-01-06,1463401,408288879,71281,4137,5403,character_closeup
0371,Super Forest Heroes #371,animation,2023-03-03,1330342,536127826,60055,1850,22211,bright
0372,Brave Crayon Adventures #372,entertainment,2024-09-07,1461576,137388144,63078,1109,3038,colorful
0373,Cosmic Cookie Mystery #373,animation,2024-06-20,280247,65017304,12991,683,4477,character_closeup
0374,Mystery Unicorn Chaos #374,education,2023-12-27,2494128,329224896,63248,3977,25658,minimal
0375,Brave Kitten Adventures #375,education,2024-09-06,1236417,250992651,39000,2917,21451,character_closeup
0376,Cool Pirate World #376,education,2023-09-25,1214838,242967600,23067,2714,10224,colorful
0377,Cool Crayon Heroes #377,animation,2023-02-21,448792,177272840,7380,447,5555,minimal
0378,Giant Cookie Sing-Along #378,education,2023-05-27,708073,293850295,21109,1284,2376,bright
0379,Wild Crayon Party #379,education,2023-11-07,726887,199893925,12120,2001,2261,bright
0380,Brave Crayon Parade #380,entertainment,2023-08-12,798148,201931444,29805,697,4650,colorful
0381,Rainbow Kitchen Daycare #381,animation,2024-01-07,549249,189490905,19885,1252,4178,character_closeup
0382,Happy Bubble Adventures #382,animation,2023-04-06,1116860,197684220,19512,2621,14163,cartoon
0383,Sparkly Dragon Daycare #383,animation,2024-08-15,9869,947424,235,37,87,bright
0384,Secret Puppy Daycare #384,animation,2023-12-27,496987,118282906,22417,1618,5675,colorful
0385,Mystery Bubble Friends #385,entertainment,2024-06-14,2127571,763797989,28459,1534,39003,bright
0386,Rainbow Dragon Champions #386,education,2024-07-31,1190250,279708750,41327,1929,15563,character_closeup
0387,Magic Puppy Party #387,education,2024-10-27,36264,9537432,1203,75,712,cartoon
0388,Fluffy Pirate Party #388,entertainment,2023-01-18,2041569,571639320,78616,4010,27227,minimal
0389,Silly Kitchen Friends #389,animation,2024-07-31,1282018,498705002,30764,3198,11454,cartoon
0390,Little Moon Sing-Along #390,animation,2023-01-16,149789,62611802,5936,674,2735,cartoon
0391,Super Unicorn Parade #391,education,2023-01-05,2018122,540856696,41425,3521,39898,character_closeup
0392,Wild Kitchen Parade #392,education,2024-08-04,810203,325701606,31639,1792,15656,minimal
0393,Bouncy Cookie Daycare #393,animation,2024-10-15,410336,45136960,16005,798,4616,minimal
0394,Giant Robot Party #394,education,2024-10-15,1805498,689700236,47964,8004,16521,character_closeup
0395,Wild Castle World #395,education,2024-09-07,1389148,262548972,57662,1613,11613,character_closeup
0396,Super Cookie Daycare #396,education,2023-12-26,1065284,408003772,49754,1318,20016,character_closeup
0397,Happy Robot World #397,entertainment,2024-08-10,1160244,319067100,41844,4612,17298,cartoon
0398,Super Cloud Chaos #398,animation,2024-05-22,225729,91871703,7850,508,3967,character_closeup
0399,Wild Kitten Champions #399,entertainment,2023-07-27,528879,103131405,18832,1533,6480,colorful
0400,Cosmic Bunny Champions #400,animation,2023-01-03,1530689,472982901,41958,2220,8939,cartoon
0401,Brave Castle Heroes #401,animation,2023-02-15,1160818,475935380,55071,2097,1872,colorful
0402,Sparkly Kitten Builders #402,entertainment,2024-06-01,1339386,154029390,15256,5768,19469,cartoon
0403,Sparkly Cookie Daycare #403,entertainment,2023-12-14,302352,31444608,5720,1216,443,minimal
0404,Wild Kitchen Builders #404,education,2023-12-07,1461692,130090588,53432,4784,3468,minimal
0405,Sparkly Pirate Adventures #405,animation,2024-10-19,1518236,475207868,17721,2350,25887,bright
0406,Sleepy Dragon Daycare #406,entertainment,2023-06-29,1062262,131720488,23589,4893,5586,bright
0407,Magic Dinosaur Adventures #407,education,2024-01-26,1595970,360689220,17220,1656,6824,cartoon
0408,Sleepy Puppy Parade #408,animation,2024-09-12,607916,155626496,22829,1091,8963,colorful
0409,Mystery Cloud Sing-Along #409,entertainment,2024-11-10,2130040,869056320,68419,7806,26204,bright
0410,Sparkly Garden World #410,entertainment,2023-01-01,1066108,334757912,24250,4057,14875,colorful
0411,Sparkly Cookie Chaos #411,entertainment,2023-01-26,1018828,96788660,19801,3241,11853,cartoon
0412,Super Sunflower Party #412,entertainment,2023-06-14,1643424,443724480,65318,5879,17268,cartoon
0413,Golden Princess Heroes #413,animation,2023-03-04,1746504,576346320,23140,7004,7377,minimal
0414,Funny Forest Mystery #414,animation,2023-03-19,1560148,653702012,31201,2729,5785,minimal
0415,Giant Forest Parade #415,education,2024-02-18,1319276,422168320,54574,5738,25954,bright
0416,Funny Cookie Friends #416,education,2023-05-05,1909952,540516416,19947,4352,12629,cartoon
0417,Super Forest Daycare #417,animation,2023-08-01,1712899,568682468,67971,4507,29646,bright
0418,Magic Robot Chaos #418,education,2024-05-04,1313084,405742956,37758,6198,15224,cartoon
0419,Rainbow Ocean Sing-Along #419,animation,2024-06-25,573501,185814324,18205,1091,1678,character_closeup
0420,Bouncy Cloud World #420,entertainment,2024-06-09,656723,53194563,19855,669,7518,cartoon
0421,Golden Cookie Daycare #421,animation,2023-08-29,2428339,920340481,29458,1699,48108,bright
0422,Brave Robot Heroes #422,animation,2023-08-22,24328,3551888,443,63,146,minimal
0423,Cool Sunflower Mystery #423,animation,2024-11-26,1806912,617963904,60101,1685,14395,bright
0424,Rainbow Space Parade #424,education,2023-07-18,214149,32978946,8434,782,4154,colorful
0425,Secret Cookie Dreams #425,education,2023-05-21,2094671,134058944,78801,2960,18753,cartoon
0426,Golden Forest Dreams #426,animation,2023-12-09,429019,66497945,10230,939,5637,colorful
0427,Sweet Bubble Chaos #427,education,2024-05-05,573206,182279508,20668,412,7795,bright
0428,Wild Forest Adventures #428,animation,2023-08-28,1132239,347597373,43593,1616,14807,bright
0429,Wild Bunny Champions #429,entertainment,2023-12-04,1887108,373647384,45510,3208,4287,character_closeup
0430,Super Pirate Daycare #430,animation,2024-11-05,459080,134510440,11254,846,7349,colorful
0431,Tiny Dragon World #431,education,2024-10-27,2471374,284208010,24748,9162,23839,bright
0432,Little Moon World #432,education,2023-02-24,1114172,267401280,15562,2902,4934,colorful
0433,Tiny Bunny Chaos #433,animation,2024-07-24,1813415,438846430,66482,8594,25296,character_closeup
0434,Bouncy Cookie Friends #434,entertainment,2023-09-18,1359060,259580460,38076,6285,21084,character_closeup
0435,Super Robot World #435,animation,2024-04-02,2313523,814360096,61587,9022,42439,cartoon
0436,Giant Moon Heroes #436,entertainment,2024-03-16,1493059,188125434,58943,5542,6609,minimal
0437,Sparkly Princess Parade #437,entertainment,2024-01-23,997470,368066430,18388,3397,10493,character_closeup
0438,Silly Moon Daycare #438,entertainment,2023-01-26,1243754,386807494,45115,2906,21877,cartoon
0439,Wild Pirate Mystery #439,education,2023-06-29,1855442,725477822,25575,1264,22590,colorful
0440,Sparkly Cookie Friends #440,education,2023-03-13,2315009,717652790,82837,5075,11421,cartoon
0441,Silly Unicorn Party #441,education,2024-08-23,659272,168773632,14121,897,1345,character_closeup
0442,Fluffy Dragon Mystery #442,entertainment,2024-09-22,68921,21641194,2973,239,572,cartoon
0443,Sleepy Unicorn Party #443,education,2023-01-21,363146,71539762,16484,1139,6171,cartoon
0444,Wild Bunny World #444,entertainment,2023-03-02,1771132,703139404,50094,2491,32709,colorful
0445,Golden Robot Mystery #445,entertainment,2023-08-30,214552,13945880,3931,413,3107,minimal
0446,Silly Dinosaur Friends #446,education,2024-09-15,390419,135084974,12449,1373,3285,bright
0447,Happy Forest Adventures #447,entertainment,2023-11-24,982318,183693466,42503,665,2139,character_closeup
0448,Rainbow Bunny World #448,animation,2023-12-27,1135940,313519440,31091,5560,1643,minimal
0449,Golden Cloud World #449,animation,2024-09-05,1970825,242411475,93793,1465,36487,colorful
0450,Wild Unicorn Adventures #450,animation,2023-05-03,529446,156716016,6422,561,5408,cartoon
0451,Bouncy Cookie Sing-Along #451,education,2024-01-03,1246206,366384564,30341,4666,19229,cartoon
0452,Sleepy Robot World #452,animation,2023-03-09,665178,131040066,28464,2474,7438,minimal
0453,Rainbow Moon Parade #453,entertainment,2024-12-10,715321,237486572,32867,2768,13334,bright
0454,Magic Castle Friends #454,entertainment,2024-09-14,1121147,383432274,16230,4650,18286,cartoon
0455,Little Kitten Parade #455,education,2024-09-22,1853472,341038848,42282,1146,31935,minimal
0456,Bouncy Cookie Chaos #456,education,2023-09-21,946784,337055104,23536,1625,6999,colorful
0457,Happy Pirate World #457,animation,2023-08-29,1888073,641944820,85516,7547,4476,bright
0458,Cosmic Puppy Sing-Along #458,animation,2024-07-21,532285,41518230,25381,2487,2260,character_closeup
0459,Giant Crayon Adventures #459,education,2023-02-07,1386305,123381145,60848,5892,18312,minimal
0460,Funny Cloud Builders #460,entertainment,2023-10-01,410553,85395024,4314,322,2072,bright
0461,Golden Ocean Chaos #461,animation,2024-02-15,1410756,269454396,38265,5320,13064,character_closeup
0462,Happy Bubble Champions #462,education,2023-03-17,2034974,486358786,84397,3854,3884,cartoon
0463,Silly Castle Chaos #463,entertainment,2023-03-21,1481424,337764672,30650,1047,11656,character_closeup
0464,Cosmic Pirate Friends #464,entertainment,2023-04-26,298899,69643467,6631,590,2806,character_closeup
0465,Magic Ocean Adventures #465,animation,2023-07-08,135605,18171070,5444,627,1380,bright
0466,Cool Kitchen Mystery #466,education,2024-07-10,2213818,312148338,92610,4032,27416,character_closeup
0467,Magic Garden Adventures #467,entertainment,2023-07-19,1989517,330259822,67480,7816,16257,bright
0468,Little Bunny Builders #468,entertainment,2024-09-19,1840342,513455418,24049,9168,17127,minimal
0469,Fluffy Space Sing-Along #469,entertainment,2024-03-18,671386,83251864,19809,2793,998,colorful
0470,Super Cloud Champions #470,animation,2023-09-12,253199,101532799,2930,1154,880,bright
0471,Mystery Forest Parade #471,education,2024-08-15,2405133,485836866,53670,2310,38396,bright
0472,Brave Castle Friends #472,animation,2024-11-29,2260831,246430579,85052,5725,39861,character_closeup
0473,Giant Forest Dreams #473,animation,2024-01-26,905157,257064588,19650,1797,5979,cartoon
0474,Sleepy Kitchen Dreams #474,animation,2023-04-12,1365208,316728256,46431,4089,23348,bright
0475,Mystery Ocean Adventures #475,entertainment,2023-12-04,1280161,509504078,55600,2124,17780,colorful
0476,Sparkly Cloud Builders #476,entertainment,2023-09-12,1905257,255304438,54138,3537,16807,minimal
0477,Sleepy Space Chaos #477,animation,2023-01-16,2104912,178917520,31913,9499,20415,colorful
0478,Sparkly Bubble Sing-Along #478,entertainment,2023-05-24,715747,57259760,20878,1589,8055,minimal
0479,Sleepy Unicorn Champions #479,education,2023-02-20,122514,38836938,3857,487,1413,character_closeup
0480,Sleepy Princess Champions #480,animation,2024-08-05,1673014,292777450,63435,1423,30807,cartoon
0481,Wild Bunny Champions #481,education,2024-03-29,1596786,427938648,16712,1346,19522,cartoon
0482,Happy Bubble Dreams #482,animation,2024-04-24,171181,14721566,3769,103,1268,colorful
0483,Sleepy Cookie World #483,education,2024-02-15,1581573,287846286,72376,6919,9103,minimal
0484,Brave Bubble Builders #484,entertainment,2023-08-14,1922527,296069158,46375,2990,33555,bright
0485,Giant Cookie Adventures #485,animation,2024-09-18,1486865,603667190,71537,3159,16061,cartoon
0486,Little Robot Champions #486,animation,2024-03-27,881181,357759486,15155,1930,14331,character_closeup
0487,Wild Bubble World #487,animation,2024-11-10,448790,41737470,6748,854,5939,cartoon
0488,Funny Cloud Champions #488,animation,2023-09-21,2446350,489270000,28152,5043,42826,colorful
0489,Sparkly Bubble Sing-Along #489,entertainment,2023-09-05,713948,229177308,24323,1025,2904,bright
0490,Sleepy Castle Daycare #490,entertainment,2023-02-06,527172,191363436,26356,1658,2120,minimal
0491,Brave Dinosaur Sing-Along #491,entertainment,2024-11-03,971829,249760053,11286,1837,15994,bright
0492,Bouncy Moon Chaos #492,education,2023-11-25,1856439,181931022,66882,1744,17306,character_closeup
0493,Secret Robot Daycare #493,education,2023-08-16,484202,38736160,13534,1279,7805,cartoon
0494,Happy Unicorn Builders #494,animation,2023-07-08,2411795,255650270,91622,3427,47302,character_closeup
0495,Super Space Daycare #495,animation,2023-12-23,2148781,790751408,77884,3964,33750,cartoon
0496,Tiny Kitchen Mystery #496,entertainment,2024-04-29,2102724,224991468,51334,2869,16959,minimal
0497,Bouncy Bunny Daycare #497,entertainment,2024-12-25,1265398,428969922,41912,1861,13081,minimal
0498,Wild Princess Dreams #498,education,2023-09-18,1302409,187546896,57056,956,2404,cartoon
0499,Little Sunflower Parade #499,education,2024-06-08,1349689,116073254,16561,3064,14530,character_closeup
0500,Brave Princess Mystery #500,entertainment,2024-02-13,123872,25022144,5109,292,2161,minimal
0501,Brave Ocean Sing-Along #501,entertainment,2023-01-15,660923,46264610,8710,2229,1565,character_closeup
0502,Brave Ocean Dreams #502,entertainment,2024-06-24,1494986,161458488,74593,2307,9136,colorful
0503,Magic Dragon Friends #503,education,2023-08-25,1808734,260457696,53384,6699,21675,minimal
0504,Cool Crayon Builders #504,education,2024-05-08,1893138,533864916,57001,3689,15518,cartoon
0505,Sweet Crayon World #505,entertainment,2024-09-01,1809151,475806713,62238,8397,25407,character_closeup
0506,Sparkly Kitten World #506,education,2023-06-26,1849275,327321675,73235,1488,10660,character_closeup
0507,Fluffy Dragon Mystery #507,education,2024-12-02,812642,165778968,35054,2747,2696,minimal
0508,Magic Kitten Adventures #508,education,2023-12-16,1584679,161637258,75040,6776,26318,character_closeup
0509,Fluffy Dinosaur Mystery #509,animation,2023-02-15,471384,91448496,14831,814,634,cartoon
0510,Bouncy Forest Party #510,education,2023-09-09,7996,2070964,399,32,157,bright
0511,Mystery Kitchen World #511,animation,2024-10-30,2217034,616335452,106476,6749,15800,colorful
0512,Bouncy Puppy World #512,entertainment,2024-10-23,2493195,1012237170,86123,8253,39350,cartoon
0513,Mystery Kitten Sing-Along #513,entertainment,2024-01-15,1557171,312991371,68742,5401,2262,character_closeup
0514,Cosmic Princess Heroes #514,education,2023-04-29,765685,88053775,19732,2931,5720,minimal
0515,Wild Kitchen Chaos #515,entertainment,2024-10-30,1220663,460189951,44507,6103,14684,bright
0516,Tiny Bunny Heroes #516,entertainment,2024-11-01,2324560,420745360,25175,4257,37259,cartoon
0517,Brave Bubble Adventures #517,entertainment,2024-07-26,322220,87321620,13014,585,2705,minimal
0518,Magic Bubble Dreams #518,entertainment,2024-03-21,1113744,239454960,35859,4198,20614,cartoon
0519,Wild Robot World #519,animation,2024-09-19,2256733,859815273,70174,9682,36919,colorful
0520,Sparkly Space World #520,entertainment,2024-04-25,2020343,145464696,83650,7738,28228,bright
0521,Silly Forest Chaos #521,education,2023-09-10,95757,17236260,3757,476,877,bright
0522,Rainbow Bubble Champions #522,entertainment,2024-01-27,944180,68925140,35016,2515,15189,minimal
0523,Rainbow Kitten Dreams #523,entertainment,2023-09-12,931990,87607060,32974,3731,1626,minimal
0524,Bouncy Kitchen Champions #524,education,2023-06-17,1934792,456610912,83557,6463,21891,minimal
0525,Super Dragon Parade #525,animation,2023-10-05,2006276,126395388,92593,3303,35415,bright
0526,Magic Puppy Party #526,education,2024-07-13,1612064,648049728,21815,6770,29908,minimal
0527,Sparkly Bunny Daycare #527,animation,2023-11-25,2239443,170197668,58649,6190,30800,cartoon
0528,Sparkly Dragon Parade #528,education,2024-05-29,813408,259477152,30748,4036,12112,colorful
0529,Happy Kitten Dreams #529,animation,2023-03-03,961283,142269884,21247,1176,14900,minimal
0530,Magic Pirate Friends #530,education,2023-04-16,1912716,755522820,95170,5271,22684,minimal
0531,Cool Bunny Daycare #531,animation,2023-10-27,1925950,312003900,23743,6975,23919,character_closeup
0532,Sleepy Forest Heroes #532,education,2023-03-19,214039,68920558,2983,594,603,colorful
0533,Silly Bubble Party #533,animation,2023-04-24,1301711,274661021,15704,2999,18739,bright
0534,Wild Puppy Heroes #534,animation,2023-12-17,47041,17122924,1265,98,907,minimal
0535,Funny Dragon World #535,entertainment,2024-04-11,2410280,291643880,24258,5902,9986,minimal
0536,Giant Crayon Daycare #536,animation,2024-04-05,1515299,625818487,69011,5968,10031,cartoon
0537,Wild Kitten Adventures #537,entertainment,2023-05-04,1473742,422963954,22555,6291,22707,bright
0538,Cool Robot Heroes #538,entertainment,2024-03-31,1311343,538961973,23856,1598,8386,minimal
0539,Rainbow Robot Heroes #539,entertainment,2024-06-06,45922,15613480,1584,224,551,character_closeup
0540,Rainbow Kitchen Party #540,animation,2023-11-04,2497699,886683145,75804,10998,44720,bright
0541,Magic Space Adventures #541,animation,2024-08-16,2219649,690310839,56226,2119,11813,minimal
0542,Brave Dragon Parade #542,entertainment,2024-09-29,149132,39818244,2340,83,150,character_closeup
0543,Happy Kitchen World #543,education,2023-06-29,940658,218232656,32726,924,18632,colorful
0544,Sparkly Sunflower Friends #544,animation,2023-01-20,912190,195208660,11981,1714,4038,character_closeup
0545,Rainbow Garden Daycare #545,entertainment,2023-06-30,1652606,175176236,35984,4488,18245,bright
0546,Super Bunny Heroes #546,entertainment,2024-09-07,1142389,277600527,56421,5505,21766,character_closeup
0547,Golden Moon Dreams #547,animation,2023-10-24,15276,1848396,592,56,90,minimal
0548,Little Garden Party #548,animation,2024-09-07,2377734,211618326,113198,7244,46707,colorful
0549,Happy Bubble World #549,animation,2023-07-03,220999,56796743,3540,260,2690,character_closeup
0550,Rainbow Robot Sing-Along #550,entertainment,2024-12-25,1769727,336248130,34534,2763,19994,colorful
0551,Funny Moon Friends #551,animation,2024-11-19,1095403,121589733,29499,3668,19264,colorful
0552,Silly Pirate Heroes #552,education,2023-01-03,1488867,119109360,37212,5608,5622,character_closeup
0553,Sleepy Garden Builders #553,animation,2023-12-02,1463649,115628271,43217,1672,23691,cartoon
0554,Cool Dinosaur Champions #554,entertainment,2024-12-06,1051146,361594224,35726,2794,14924,minimal
0555,Cosmic Princess Builders #555,education,2023-05-30,871933,173514667,17395,4349,9295,bright
0556,Sleepy Bunny Dreams #556,animation,2024-05-19,1837347,532830630,78725,1370,33248,minimal
0557,Secret Dragon Dreams #557,animation,2024-06-27,1147547,370657681,37417,4974,19860,cartoon
0558,Wild Cloud Builders #558,entertainment,2024-01-26,2231791,493225811,96893,2725,25917,minimal
0559,Rainbow Princess Champions #559,entertainment,2023-04-12,2149249,322387350,57126,3061,18463,character_closeup
0560,Happy Pirate Builders #560,animation,2024-11-19,1248286,213456906,21372,4047,13562,cartoon
0561,Giant Castle Builders #561,education,2023-12-27,388289,115321833,12894,471,1058,cartoon
0562,Bouncy Kitchen Heroes #562,education,2023-03-29,2184946,878348292,72454,9122,6670,bright
0563,Rainbow Bunny Friends #563,education,2024-06-06,1148951,367664320,53705,1276,6502,colorful
0564,Sparkly Puppy World #564,animation,2023-04-10,1154128,198510016,24691,5158,20479,bright
0565,Sweet Sunflower Chaos #565,animation,2024-03-27,453215,128713060,17730,1854,8590,character_closeup
0566,Sleepy Bunny Friends #566,entertainment,2024-01-14,788118,244316580,8236,723,10950,minimal
0567,Silly Pirate Parade #567,education,2024-05-29,930382,387038912,46037,3213,8033,character_closeup
0568,Funny Puppy Adventures #568,animation,2024-01-10,2354100,972243300,75701,11442,11276,character_closeup
0569,Brave Puppy Adventures #569,entertainment,2024-04-04,2366551,752563218,32628,9518,28113,colorful
0570,Sparkly Kitten Friends #570,education,2023-06-06,1913605,401857050,20563,7874,33772,character_closeup
0571,Happy Forest Party #571,animation,2023-07-05,815534,186757286,24518,3977,10958,colorful
0572,Magic Unicorn Adventures #572,education,2023-01-15,1148229,70041969,43804,591,7760,cartoon
0573,Tiny Sunflower Parade #573,entertainment,2023-03-15,1622835,472244985,35917,918,7143,bright
0574,Giant Space Adventures #574,animation,2024-08-05,2090742,696217086,70856,8021,10881,bright
0575,Cool Crayon Dreams #575,entertainment,2024-03-23,2099502,510178986,58751,1670,11282,cartoon
0576,Funny Dragon World #576,education,2023-09-12,1958947,440763075,35649,2872,6993,character_closeup
0577,Silly Bubble Friends #577,entertainment,2023-03-11,946632,277363176,14807,885,1306,cartoon
0578,Sweet Dinosaur Champions #578,animation,2024-05-10,1208668,456876504,59161,3967,3453,character_closeup
0579,Fluffy Space Party #579,entertainment,2023-09-20,1306858,345010512,48460,2880,1576,minimal
0580,Bouncy Cookie Champions #580,entertainment,2023-03-04,1333859,469518368,35336,6253,15916,character_closeup
0581,Cool Kitchen Dreams #581,animation,2024-02-21,2384316,708141852,63624,7496,15266,bright
0582,Secret Puppy Daycare #582,animation,2024-05-30,2084619,371062182,34714,5944,8900,colorful
0583,Tiny Dinosaur Party #583,entertainment,2024-08-12,459473,88678289,9845,463,6755,minimal
0584,Fluffy Unicorn Friends #584,education,2024-05-23,1470235,249939950,34870,2167,27893,minimal
0585,Bouncy Ocean Party #585,entertainment,2023-03-14,836042,258336978,31718,3857,3295,bright
0586,Tiny Sunflower Parade #586,education,2024-07-21,1080862,139431198,36487,4534,1094,minimal
0587,Mystery Crayon Builders #587,animation,2024-10-01,1941758,135923060,62860,3236,7326,cartoon
0588,Funny Forest Adventures #588,entertainment,2023-12-05,29877,4780320,1406,58,432,character_closeup
0589,Fluffy Cookie Builders #589,animation,2024-04-21,2300460,278355660,52174,11428,34551,cartoon
0590,Sweet Bubble Adventures #590,animation,2023-08-13,611908,165827068,13469,1812,3911,character_closeup
0591,Little Sunflower Heroes #591,animation,2024-06-25,1870977,755874708,20311,7572,21049,bright
0592,Bouncy Bunny Parade #592,education,2023-11-29,735241,219837059,10386,2605,2427,character_closeup
0593,Bouncy Space Chaos #593,education,2024-03-14,1700388,161536860,80057,8377,4209,cartoon
0594,Cosmic Forest Daycare #594,entertainment,2023-09-15,2158058,237386380,72158,5805,16849,bright
0595,Bouncy Garden Party #595,entertainment,2024-07-02,671546,163857224,32977,496,12986,cartoon
0596,Sleepy Castle Chaos #596,education,2023-12-12,1669889,342327245,65102,7303,10898,cartoon
0597,Little Space Dreams #597,animation,2023-03-26,152869,36841429,6437,269,813,colorful
0598,Tiny Dragon Builders #598,education,2023-05-12,2087043,782641125,55831,3583,9961,character_closeup
0599,Magic Castle Champions #599,animation,2023-05-08,2300473,920189200,100769,8177,9941,colorful
0600,Cosmic Dinosaur Chaos #600,education,2023-01-27,2485711,422570870,32888,11921,8451,colorful
0601,Brave Kitten Friends #601,entertainment,2023-12-22,400154,72427874,13899,267,7858,minimal
0602,Mystery Moon Chaos #602,education,2024-12-08,2227282,294001224,83242,9629,37563,cartoon
0603,Bouncy Forest World #603,animation,2024-01-04,1338474,211478892,39798,2087,11325,colorful
0604,Silly Bubble World #604,animation,2024-04-30,1098976,80225248,12901,1726,9696,cartoon
0605,Cosmic Garden Parade #605,animation,2023-10-26,780202,305058982,37064,478,2786,cartoon
0606,Wild Dinosaur Adventures #606,entertainment,2023-08-04,64525,19680125,1777,135,744,cartoon
0607,Bouncy Dragon Mystery #607,education,2024-05-26,1969610,453010300,87746,6113,26445,colorful
0608,Rainbow Robot World #608,education,2023-02-11,182139,75223407,2158,126,2917,character_closeup
0609,Tiny Unicorn Adventures #609,entertainment,2023-05-15,1404946,115205572,24665,2535,16463,character_closeup
0610,Sleepy Garden Sing-Along #610,animation,2024-06-11,1986233,786548268,40742,4701,25917,bright
0611,Silly Princess Chaos #611,education,2024-04-14,2477806,265125242,45660,3136,13856,bright
0612,Cool Bunny Friends #612,education,2023-09-18,1859961,764443971,84275,6409,12980,character_closeup
0613,Golden Kitten Daycare #613,animation,2024-04-11,1813347,165014577,34959,3332,22237,character_closeup
0614,Wild Robot World #614,entertainment,2024-11-12,1796288,366442752,32942,4446,6969,colorful
0615,Giant Crayon Heroes #615,animation,2024-05-23,2140790,629392260,22873,6806,25673,colorful
0616,Fluffy Unicorn Heroes #616,animation,2023-07-23,2305193,749187725,112992,10545,40200,bright
0617,Giant Cookie Builders #617,animation,2024-02-14,908609,340728375,31515,1930,8724,character_closeup
0618,Cosmic Sunflower Adventures #618,entertainment,2023-09-25,2270270,721945860,34407,4710,35662,character_closeup
0619,Secret Pirate Adventures #619,entertainment,2024-02-20,55598,19626094,1923,28,392,character_closeup
0620,Giant Bubble Parade #620,entertainment,2024-08-19,2187241,568682660,97274,6276,24040,cartoon
0621,Magic Princess Chaos #621,entertainment,2023-05-15,256383,59737239,10290,1153,354,bright
0622,Little Crayon Sing-Along #622,animation,2023-11-17,2337949,423168769,99858,11306,37239,character_closeup
0623,Bouncy Cookie Friends #623,education,2024-04-09,388747,126731522,15282,1718,2117,character_closeup
0624,Giant Puppy Champions #624,entertainment,2023-05-27,2484195,834689520,47545,9826,8464,colorful
0625,Tiny Kitten Mystery #625,education,2023-08-24,241451,95131694,11153,838,2061,colorful
0626,Tiny Space Builders #626,entertainment,2023-08-11,1164435,416867730,26522,4295,20047,bright
0627,Golden Pirate Heroes #627,entertainment,2024-04-11,1121530,446368940,23268,2046,8463,character_closeup
0628,Little Cookie Mystery #628,animation,2023-03-26,1836885,396767160,44468,1874,24226,bright
0629,Little Pirate World #629,animation,2023-05-24,147873,41108694,5604,539,364,minimal
0630,Bouncy Dinosaur Chaos #630,entertainment,2023-01-25,462019,109498503,16552,1056,2170,colorful
0631,Golden Cookie Friends #631,animation,2023-01-25,1959050,368301400,62549,6758,32864,character_closeup
0632,Little Cloud Mystery #632,animation,2024-08-27,1009104,313831344,29713,2153,1138,bright
0633,Sleepy Crayon Mystery #633,education,2023-08-26,2446406,704564928,41228,2421,17127,character_closeup
0634,Fluffy Puppy Builders #634,entertainment,2023-02-02,1239704,104135136,33211,1045,15948,character_closeup
0635,Silly Crayon Heroes #635,education,2023-07-23,1419743,100801753,51402,6245,26300,colorful
0636,Funny Princess Parade #636,animation,2024-10-24,753354,223746138,13079,2317,4281,colorful
0637,Magic Dragon Mystery #637,animation,2024-08-17,278422,55127556,10843,518,3417,bright
0638,Funny Kitten Sing-Along #638,education,2024-10-28,185959,47977422,4602,744,2042,character_closeup
0639,Sleepy Cookie Sing-Along #639,animation,2023-05-05,735178,302158158,12357,748,8293,bright
0640,Little Kitchen World #640,education,2023-09-07,127285,36912650,1866,324,2164,minimal
0641,Tiny Unicorn Champions #641,entertainment,2023-04-24,1279290,318543210,21259,2099,7783,bright
0642,Golden Puppy Parade #642,animation,2023-09-09,765224,195132120,12591,3525,9790,minimal
0643,Mystery Unicorn Sing-Along #643,entertainment,2024-03-14,763391,102294394,20583,3759,8648,minimal
0644,Funny Dinosaur Party #644,animation,2023-09-26,1366896,470212224,23181,5898,13294,bright
0645,Super Kitchen Parade #645,animation,2024-12-25,876434,318145542,24945,824,14302,bright
0646,Silly Puppy Party #646,education,2024-02-13,811974,177010332,34867,1316,15161,colorful
0647,Rainbow Puppy World #647,animation,2024-02-28,759779,316827843,11337,392,14699,colorful
0648,Sparkly Robot Heroes #648,animation,2024-03-09,547015,82599265,13170,1510,570,bright
0649,Silly Dragon Friends #649,animation,2024-02-28,388519,50895989,18139,1759,6324,character_closeup
0650,Little Castle Chaos #650,education,2024-06-17,150319,42991234,3665,501,448,character_closeup
0651,Magic Puppy Party #651,animation,2024-12-13,1977405,723730230,78219,9357,12320,minimal
0652,Mystery Garden Party #652,education,2023-11-21,1527585,412447950,64202,4163,11540,character_closeup
0653,Sweet Princess Party #653,entertainment,2024-04-29,1900983,127365861,19299,4200,25373,cartoon
0654,Cosmic Moon World #654,animation,2023-10-28,1113910,238376740,41150,3797,8312,bright
0655,Secret Puppy World #655,entertainment,2024-07-09,1173505,448278910,51712,3797,18394,minimal
0656,Brave Princess World #656,entertainment,2024-07-27,1097331,79007832,51144,4040,7918,colorful
0657,Super Cookie Sing-Along #657,animation,2024-05-13,1121311,100917990,31730,948,2295,cartoon
0658,Sweet Kitten Champions #658,education,2024-06-14,1628414,677420224,78688,5530,11041,colorful
0659,Tiny Dinosaur Adventures #659,education,2024-03-02,1452779,181597375,48636,904,14367,cartoon
0660,Magic Kitchen Parade #660,animation,2023-06-07,241849,80293868,9323,369,2620,minimal
0661,Silly Bubble Party #661,animation,2024-08-23,1737341,130300575,66650,3831,25132,minimal
0662,Fluffy Princess Chaos #662,animation,2023-03-07,1860141,714294144,57541,8615,13307,cartoon
0663,Mystery Pirate Parade #663,animation,2023-09-12,880115,365247725,43286,3517,8744,character_closeup
0664,Mystery Space Party #664,entertainment,2023-08-26,1420615,207409790,27041,3298,10307,cartoon
0665,Sparkly Cloud Heroes #665,animation,2024-01-15,95743,20776231,4130,194,1521,character_closeup
0666,Fluffy Space Mystery #666,entertainment,2024-05-19,341935,34535435,10448,1446,3333,character_closeup
0667,Cosmic Space Mystery #667,entertainment,2023-04-05,1921190,551381530,21958,2032,35915,colorful
0668,Bouncy Cookie Chaos #668,education,2023-07-30,2352088,804414096,93745,10192,39149,character_closeup
0669,Happy Unicorn Adventures #669,entertainment,2023-08-15,2066250,407051250,79222,6744,16456,cartoon
0670,Sparkly Castle Parade #670,entertainment,2024-06-15,164635,18933025,3116,823,1920,minimal
0671,Magic Space Party #671,education,2023-11-25,1416103,327119793,26240,1410,24584,bright
0672,Little Dinosaur Champions #672,entertainment,2023-11-15,2043655,461866030,96714,9444,29244,minimal
0673,Giant Forest Builders #673,education,2023-08-31,2279156,246148848,86903,10060,10383,character_closeup
0674,Secret Robot Sing-Along #674,education,2023-04-26,2044303,257582178,36725,8999,39141,colorful
0675,Silly Crayon Heroes #675,education,2024-07-19,824859,259005726,18610,3152,7776,cartoon
0676,Happy Cloud Chaos #676,entertainment,2023-05-26,1005978,358128168,26223,1424,2561,character_closeup
0677,Brave Ocean Mystery #677,entertainment,2023-06-02,1257989,415136370,20377,3676,3721,colorful
0678,Silly Sunflower Champions #678,animation,2024-01-04,1211470,83591430,37757,3752,18018,minimal
0679,Tiny Ocean Champions #679,animation,2024-09-16,211923,79683048,6599,686,2861,cartoon
0680,Sweet Puppy Mystery #680,animation,2024-10-08,75328,5574272,1671,109,896,minimal
0681,Super Kitchen Builders #681,entertainment,2023-01-01,1209421,383386457,52639,3803,2945,cartoon
0682,Golden Crayon Adventures #682,animation,2023-03-28,1230473,116894935,14892,2456,2906,colorful
0683,Sweet Puppy Heroes #683,education,2023-09-27,223357,93139869,4321,688,4161,minimal
0684,Tiny Cloud Party #684,animation,2023-08-09,2064752,144532640,87085,4901,38215,cartoon
0685,Bouncy Cookie Friends #685,education,2023-09-03,1500198,447059004,35498,7384,19731,bright
0686,Wild Dragon Sing-Along #686,entertainment,2023-08-26,1001028,253260084,50026,551,19989,colorful
0687,Golden Space Champions #687,education,2023-05-11,414314,28587666,19182,525,735,character_closeup
0688,Golden Forest Party #688,animation,2024-08-25,1187426,374039190,29890,5679,10170,minimal
0689,Mystery Cloud Friends #689,animation,2023-12-24,1120682,230860492,35000,3988,9321,cartoon
0690,Mystery Garden Adventures #690,entertainment,2023-02-22,2103853,620636635,37862,7909,40091,minimal
0691,Cool Ocean Parade #691,education,2024-01-30,1579948,285970588,64199,4354,27910,character_closeup
0692,Sleepy Unicorn Champions #692,animation,2023-03-26,2226960,309547440,88450,7374,15796,bright
0693,Giant Bunny Adventures #693,animation,2023-09-24,286417,45826720,8854,1391,627,character_closeup
0694,Rainbow Bubble Dreams #694,entertainment,2024-09-03,1837403,372992809,71880,3773,13017,minimal
0695,Sweet Garden Builders #695,education,2024-09-02,1385982,464303970,64540,1649,2705,colorful
0696,Giant Forest Builders #696,entertainment,2024-02-06,2250118,191260030,97467,7053,20177,minimal
0697,Happy Garden Builders #697,animation,2023-12-21,659954,164988500,15642,1364,3443,cartoon
0698,Bouncy Garden Dreams #698,entertainment,2023-05-29,2191943,434004714,104134,7809,42287,bright
0699,Tiny Forest Builders #699,education,2024-06-04,694099,270004511,8294,2462,6284,minimal
0700,Funny Cloud Champions #700,education,2024-04-09,220284,90977292,6928,989,3358,bright
0701,Cosmic Castle Mystery #701,education,2024-01-22,2160953,834127858,67582,4455,21334,colorful
0702,Mystery Robot World #702,entertainment,2024-05-25,1065790,66078980,43019,2947,3422,character_closeup
0703,Rainbow Dinosaur Friends #703,education,2023-07-04,2276775,701246700,83699,3091,43395,minimal
0704,Mystery Crayon Parade #704,animation,2024-03-19,2044184,294362496,52685,4376,12384,colorful
0705,Mystery Unicorn Builders #705,entertainment,2023-07-28,2243997,899842797,26583,9994,34024,bright
0706,Bouncy Space Adventures #706,education,2023-11-23,1830099,247063365,44267,7387,28220,cartoon
0707,Tiny Forest Dreams #707,entertainment,2024-10-22,1265962,179766604,35581,4976,23395,cartoon
0708,Secret Kitten Sing-Along #708,education,2023-07-08,1635456,423583104,46108,5635,2407,character_closeup
0709,Brave Cookie Sing-Along #709,animation,2024-05-01,936155,81445485,25293,965,8465,minimal
0710,Tiny Kitchen Party #710,education,2024-03-09,1489742,493104602,48203,3419,5870,cartoon
0711,Sparkly Kitchen Sing-Along #711,entertainment,2024-11-30,1436375,293020500,17500,1824,6373,bright
0712,Giant Robot Chaos #712,education,2023-12-23,2307703,544617908,101869,1861,44972,colorful
0713,Fluffy Garden Dreams #713,animation,2024-03-08,1688175,270108000,63312,6872,32813,bright
0714,Brave Moon Sing-Along #714,entertainment,2023-02-20,1306831,524039231,25245,2969,6348,character_closeup
0715,Magic Garden Builders #715,education,2023-08-30,988156,307316516,35861,1450,8751,minimal
0716,Silly Dragon Party #716,entertainment,2023-03-30,462600,118888200,13610,367,2442,bright
0717,Sweet Castle Heroes #717,education,2024-05-12,632508,105628836,30840,451,9739,cartoon
0718,Golden Sunflower Adventures #718,entertainment,2024-01-27,1680345,216764505,64183,7549,18848,minimal
0719,Cosmic Cloud Builders #719,education,2024-07-21,124246,13915552,5686,168,2330,bright
0720,Super Forest Daycare #720,entertainment,2024-05-24,1496606,454968224,35210,3907,27188,colorful
0721,Sweet Crayon Mystery #721,entertainment,2023-05-21,1716521,679742316,78624,1501,13724,character_closeup
0722,Secret Pirate Mystery #722,animation,2023-12-21,1350841,121575690,37148,6456,17303,bright
0723,Sparkly Robot Friends #723,animation,2023-10-31,922707,75661974,27496,4237,4330,colorful
0724,Cosmic Crayon Champions #724,education,2023-11-23,1120681,220774157,46905,3938,17675,character_closeup
0725,Tiny Forest Sing-Along #725,entertainment,2024-03-30,1342180,430839780,26111,5325,24386,cartoon
0726,Magic Pirate Heroes #726,education,2023-12-02,328182,115191882,3337,598,6378,colorful
0727,Silly Bunny Heroes #727,education,2024-04-29,104869,30831486,4986,103,557,character_closeup
0728,Cosmic Crayon Friends #728,animation,2024-09-28,1551182,496378240,18579,6119,29415,cartoon
0729,Rainbow Robot Mystery #729,education,2023-06-27,522444,108668352,24931,2067,4259,character_closeup
0730,Little Robot Heroes #730,animation,2024-02-11,405621,124931268,12835,1681,3946,bright
0731,Rainbow Forest Parade #731,education,2023-08-16,2240663,544481109,51747,7998,16978,bright
0732,Happy Crayon Adventures #732,entertainment,2024-03-14,2368063,187076977,50903,4558,47126,minimal
0733,Little Dragon Party #733,entertainment,2024-12-10,195198,30646086,3502,386,2530,colorful
0734,Secret Dinosaur Mystery #734,education,2023-03-30,1049790,184763040,31085,3352,20628,colorful
0735,Golden Ocean Mystery #735,animation,2023-10-05,1098169,409617037,19875,2838,9057,character_closeup
0736,Fluffy Dinosaur Parade #736,entertainment,2024-05-24,1472195,231134615,36484,6467,21635,minimal
0737,Mystery Princess Champions #737,entertainment,2024-01-16,1007949,148168503,12449,1529,5194,cartoon
0738,Magic Pirate Friends #738,education,2024-12-12,1604869,316159193,77279,6684,2996,bright
0739,Sparkly Cloud Adventures #739,animation,2023-08-24,2349858,220886652,50131,7339,10178,colorful
0740,Fluffy Forest Sing-Along #740,animation,2024-05-24,1360920,522593280,23541,1443,9004,cartoon
0741,Giant Kitten Chaos #741,entertainment,2023-02-26,737933,166034925,21160,3602,11016,bright
0742,Giant Cloud World #742,entertainment,2024-03-31,1891372,607130412,22391,7815,25715,minimal
0743,Bouncy Castle Champions #743,entertainment,2023-10-20,445508,105139888,13909,1937,5282,character_closeup
0744,Sparkly Crayon Sing-Along #744,education,2024-09-21,1152250,240820250,38487,715,17781,character_closeup
0745,Super Garden Daycare #745,education,2024-09-27,1720298,170309502,75963,1744,28792,character_closeup
0746,Cool Cloud Heroes #746,education,2024-05-20,2318249,593471744,50088,9592,23545,bright
0747,Mystery Cloud Daycare #747,animation,2023-11-26,332588,119731680,6023,1290,3339,minimal
0748,Rainbow Moon Heroes #748,entertainment,2024-02-03,851049,345525894,36944,2667,6402,bright
0749,Rainbow Cookie Friends #749,animation,2024-03-05,2373211,650259814,94305,6515,3431,bright
0750,Sweet Space Chaos #750,animation,2024-10-26,1411727,540691441,42507,2012,11043,character_closeup
0751,Funny Princess Mystery #751,education,2023-02-09,1514433,345290724,57813,3544,20484,character_closeup
0752,Sweet Bubble Chaos #752,entertainment,2023-04-23,137362,19368042,4578,655,1258,colorful
0753,Golden Cloud Friends #753,animation,2023-01-11,1196527,323062290,12867,2711,18940,cartoon
0754,Wild Garden Mystery #754,entertainment,2024-02-29,885655,278095670,41671,3514,16220,bright
0755,Sweet Garden Friends #755,education,2024-10-14,2343591,508559247,85063,11161,11931,colorful
0756,Mystery Kitchen World #756,education,2024-06-07,746236,143277312,30471,1389,2608,bright
0757,Sweet Unicorn Sing-Along #757,animation,2023-02-25,435541,116289447,10399,384,1961,colorful
0758,Sleepy Kitchen Chaos #758,education,2024-11-02,1246342,236804980,19491,1393,7745,character_closeup
0759,Sweet Bunny Heroes #759,animation,2024-03-22,443119,181235671,12330,2059,6643,bright
0760,Fluffy Crayon Party #760,entertainment,2023-11-18,652990,228546500,23124,2161,683,minimal
0761,Silly Robot Champions #761,animation,2023-09-09,436588,135778868,4938,1666,5173,character_closeup
0762,Magic Bunny Daycare #762,animation,2024-05-13,2242391,609930352,94218,1372,36036,minimal
0763,Sleepy Puppy Chaos #763,animation,2024-05-06,716936,74561344,20545,628,4386,character_closeup
0764,Brave Sunflower World #764,animation,2023-08-15,2082531,841342524,88637,7483,3132,bright
0765,Bouncy Cookie Daycare #765,animation,2024-04-12,1667898,153446616,74177,7081,12595,minimal
0766,Silly Ocean Daycare #766,entertainment,2023-05-27,2381724,302478948,26765,10799,45413,colorful
0767,Secret Robot Friends #767,entertainment,2024-07-01,239274,70825104,5098,1160,386,colorful
0768,Sleepy Garden Chaos #768,entertainment,2024-03-24,1792433,241978455,67334,8704,2414,colorful
0769,Rainbow Space Champions #769,entertainment,2023-07-25,1754739,722952468,67749,3394,3457,bright
0770,Sleepy Crayon Daycare #770,animation,2023-05-19,83603,13209274,2331,367,1077,bright
0771,Fluffy Castle Builders #771,education,2024-12-08,1917088,787923168,49936,7610,18105,character_closeup
0772,Sleepy Bubble Champions #772,education,2023-08-21,1147721,420065886,21913,1468,12346,colorful
0773,Super Kitchen Heroes #773,education,2024-05-17,967654,259331272,46871,1233,1215,character_closeup
0774,Sleepy Moon Champions #774,animation,2023-06-15,1577615,421223205,66816,5902,11078,colorful
0775,Magic Cookie World #775,education,2023-10-06,180000,42480000,2909,472,1578,cartoon
0776,Tiny Kitten Chaos #776,entertainment,2024-09-03,326123,68485830,12678,732,2319,bright
0777,Magic Space Daycare #777,entertainment,2023-06-21,967742,93870974,28455,4786,4548,cartoon
0778,Super Princess World #778,entertainment,2023-08-01,1883895,744138525,40591,8087,23867,colorful
0779,Secret Robot World #779,education,2023-11-21,1862772,370691628,50198,5152,22792,cartoon
0780,Super Kitten Champions #780,animation,2023-11-11,1898764,281017072,54078,8915,18252,minimal
0781,Silly Robot Adventures #781,animation,2023-01-22,1630758,99476238,53873,3133,21690,cartoon
0782,Little Bunny Sing-Along #782,animation,2024-11-04,2402341,927303626,109454,7692,10934,minimal
0783,Bouncy Bunny Champions #783,animation,2024-08-13,2300992,717909504,26741,6086,39924,character_closeup
0784,Giant Forest Dreams #784,entertainment,2023-04-09,446686,40648426,21174,1195,7200,cartoon
0785,Magic Kitten Sing-Along #785,animation,2023-01-30,816337,333881833,9841,2361,986,character_closeup
0786,Fluffy Space World #786,animation,2023-11-02,788100,325485300,30850,801,2446,minimal
0787,Super Bunny Daycare #787,education,2023-06-10,1173581,153739111,29982,5805,6732,cartoon
0788,Golden Kitchen Parade #788,animation,2024-03-21,1664377,449381790,46774,6351,25461,colorful
0789,Funny Crayon Parade #789,animation,2024-06-05,679386,50274564,15082,1542,13088,colorful
0790,Little Moon Friends #790,education,2024-12-06,1276716,315348852,37398,3864,22593,colorful
0791,Sleepy Forest Party #791,animation,2023-08-19,1028440,238598080,28001,3416,14554,bright
0792,Little Pirate Mystery #792,animation,2024-08-04,1135963,453249237,21847,4183,10539,character_closeup
0793,Super Dinosaur Chaos #793,entertainment,2024-06-20,1310965,114053955,34345,2019,24320,colorful
0794,Bouncy Kitten Builders #794,education,2023-10-14,1772616,111674808,36959,7294,5277,bright
0795,Tiny Pirate Champions #795,entertainment,2024-12-26,2111776,468814272,21150,10056,27610,bright
0796,Golden Moon Dreams #796,animation,2024-06-26,2042050,837240500,82397,4806,37920,bright
0797,Mystery Space Daycare #797,education,2023-12-31,1429014,272941674,19999,4553,14948,character_closeup
0798,Magic Dinosaur Champions #798,animation,2023-10-10,2134495,230525460,68110,3196,35557,bright
0799,Magic Space Friends #799,entertainment,2024-11-13,664075,171331350,31279,3148,10612,minimal
0800,Rainbow Pirate Friends #800,entertainment,2023-03-16,551997,210862854,6243,1479,6995,minimal
0801,Golden Cloud Daycare #801,animation,2024-12-17,1923504,565510176,50373,6918,5074,colorful
0802,Little Cloud Friends #802,education,2023-01-09,1055338,346150864,36198,608,11734,minimal
0803,Golden Cookie Mystery #803,animation,2023-08-03,796073,201406469,33055,1176,6350,bright
0804,Giant Puppy Mystery #804,education,2023-01-16,1812282,396889758,37522,2162,30868,character_closeup
0805,Funny Bunny Friends #805,entertainment,2023-12-08,1247807,355624995,61249,4969,6565,minimal
0806,Sleepy Cookie Builders #806,education,2023-04-22,2367885,838231290,61634,6312,2572,cartoon
0807,Silly Puppy Champions #807,education,2023-03-15,1568989,563267051,21372,5063,27389,cartoon
0808,Funny Cookie Parade #808,education,2024-05-24,2387863,374894491,84281,2997,34544,character_closeup
0809,Rainbow Princess Parade #809,education,2023-04-01,2002808,354497016,98402,7312,28952,minimal
0810,Secret Moon Sing-Along #810,entertainment,2023-01-19,1684404,124645896,52662,902,14734,colorful
0811,Super Pirate Daycare #811,animation,2024-03-23,454629,167758101,10654,1890,6862,colorful
0812,Mystery Ocean Friends #812,entertainment,2024-06-02,862111,331912735,21661,3307,10729,bright
0813,Happy Bunny Party #813,education,2023-10-05,2320937,176391212,28358,10589,42582,character_closeup
0814,Sweet Cloud Friends #814,animation,2024-01-21,619745,158034975,13148,2601,11087,character_closeup
0815,Mystery Garden Sing-Along #815,animation,2024-06-25,2206263,686147793,84886,10108,35776,colorful
0816,Mystery Cloud Chaos #816,entertainment,2023-03-25,132401,30187428,6579,521,1636,character_closeup
0817,Little Kitchen World #817,education,2023-07-30,1635599,680409184,48894,6650,27302,character_closeup
0818,Secret Kitchen Heroes #818,education,2024-06-05,285563,95663605,11079,1363,2372,bright
0819,Cosmic Unicorn Dreams #819,entertainment,2023-10-17,479479,186996810,7786,2315,9301,colorful
0820,Super Bubble Party #820,entertainment,2024-11-22,1759062,364125834,47395,7003,6938,minimal
0821,Cosmic Kitten Sing-Along #821,education,2024-07-19,1906111,741477179,84045,6816,17942,colorful
0822,Cool Kitchen Adventures #822,entertainment,2023-12-13,1725075,258761250,17785,5287,10857,character_closeup
0823,Fluffy Robot Parade #823,entertainment,2023-02-12,1870880,245085280,71772,9264,17394,minimal
0824,Mystery Unicorn Adventures #824,entertainment,2024-06-27,1001832,251459832,42362,3662,1756,minimal
0825,Magic Princess Party #825,education,2023-10-16,1427030,136994880,30945,3156,14931,character_closeup
0826,Sparkly Forest Adventures #826,entertainment,2023-06-05,598779,193405617,23981,1703,8461,bright
0827,Funny Crayon Friends #827,entertainment,2023-05-09,2400713,840249550,80027,2956,12815,cartoon
0828,Brave Dinosaur Chaos #828,education,2023-10-03,1123024,316692768,53814,894,3622,minimal
0829,Sweet Ocean World #829,entertainment,2024-01-07,2224913,645224770,23449,8116,41221,minimal
0830,Super Moon Daycare #830,animation,2023-03-28,1684358,437933080,72092,1071,7672,cartoon
0831,Bouncy Dinosaur World #831,education,2023-03-30,47315,4116405,2201,181,444,minimal
0832,Secret Pirate Chaos #832,animation,2023-08-08,23706,7870392,1101,53,281,character_closeup
0833,Mystery Dinosaur Champions #833,education,2024-07-11,73823,9301698,2864,202,1440,character_closeup
0834,Sweet Garden Adventures #834,animation,2024-10-19,1785160,130316680,39472,7615,26164,colorful
0835,Fluffy Ocean Builders #835,animation,2024-01-04,2148884,578049796,45616,5568,5038,character_closeup
0836,Golden Moon Friends #836,entertainment,2023-05-28,112650,27373950,2062,210,265,colorful
0837,Silly Space Builders #837,animation,2023-07-25,2339438,341557948,81272,6136,7095,cartoon
0838,Little Castle Sing-Along #838,animation,2023-08-09,793564,84911348,23335,2353,12573,bright
0839,Little Kitten Champions #839,animation,2024-06-30,60968,8718424,2352,47,672,bright
0840,Super Sunflower Friends #840,animation,2023-03-18,272649,22629867,10575,731,996,minimal
0841,Little Princess Builders #841,entertainment,2023-12-01,744371,197258315,10023,2546,8471,cartoon
0842,Golden Moon Adventures #842,entertainment,2023-07-09,1519852,512190124,16364,6405,24280,character_closeup
0843,Sleepy Bubble Builders #843,education,2024-08-24,686341,252573488,16876,1137,1893,character_closeup
0844,Wild Forest World #844,entertainment,2024-11-30,1336954,212575686,25280,4559,14344,character_closeup
0845,Cool Cloud Heroes #845,animation,2023-05-13,1813883,301104578,22990,8639,3461,colorful
0846,Cosmic Puppy World #846,entertainment,2024-09-20,201455,76351445,7245,456,2106,colorful
0847,Little Garden Heroes #847,education,2023-09-19,1510892,258362532,64720,6835,9845,cartoon
0848,Sparkly Ocean Champions #848,education,2023-06-26,705985,68480545,30890,1263,13996,cartoon
0849,Sweet Dinosaur Builders #849,education,2024-12-09,948243,355591125,47026,3174,8445,colorful
0850,Rainbow Dragon Daycare #850,entertainment,2024-11-16,54784,18626560,562,50,745,character_closeup
0851,Silly Bunny Adventures #851,animation,2023-02-24,1329768,155582856,41123,6006,20053,cartoon
0852,Cosmic Pirate Daycare #852,animation,2023-01-13,219476,78572408,7675,1046,3420,bright
0853,Sweet Dragon Friends #853,education,2023-04-26,315351,57078531,5556,491,864,character_closeup
0854,Happy Kitchen Daycare #854,education,2024-05-07,812701,303137473,20588,2451,11141,bright
0855,Secret Dragon Dreams #855,education,2023-12-14,860736,131692608,40631,4239,1333,cartoon
0856,Rainbow Crayon Heroes #856,education,2024-07-10,1035338,123205222,49988,4549,11894,colorful
0857,Little Garden Mystery #857,entertainment,2024-03-09,647765,176839845,19187,991,3639,bright
0858,Rainbow Castle Mystery #858,entertainment,2024-03-08,1463698,144906102,59178,6895,11655,minimal
0859,Silly Pirate Adventures #859,entertainment,2023-06-30,203908,74426420,7202,299,451,minimal
0860,Silly Dinosaur Friends #860,education,2023-07-11,492260,126018560,15239,819,5821,colorful
0861,Sweet Princess Dreams #861,entertainment,2024-09-13,2449461,164113887,65461,5816,12082,colorful
0862,Wild Bubble Champions #862,entertainment,2024-11-12,2057225,360014375,52950,3993,13944,cartoon
0863,Wild Pirate Heroes #863,animation,2023-02-06,996620,326891360,39596,1949,19399,cartoon
0864,Fluffy Moon Sing-Along #864,education,2023-12-24,997633,264372745,32327,902,9090,colorful
0865,Fluffy Cookie Adventures #865,animation,2024-05-12,473987,102381192,19489,981,7948,cartoon
0866,Rainbow Sunflower Dreams #866,education,2023-10-24,903917,321794452,34737,1428,10923,colorful
0867,Brave Bubble Chaos #867,animation,2024-01-22,1220387,190380372,48067,4668,12068,cartoon
0868,Sweet Sunflower Chaos #868,education,2023-07-10,1946146,258837418,35591,2604,30105,colorful
0869,Secret Puppy Daycare #869,education,2024-12-08,285712,109713408,11447,1051,5488,bright
0870,Giant Cloud Daycare #870,entertainment,2023-08-27,1277158,269480338,57746,2144,9369,minimal
0871,Super Space Champions #871,entertainment,2023-03-20,1658414,482598474,18310,7516,13978,bright
0872,Tiny Bunny Daycare #872,education,2024-03-03,2070705,786867900,74577,5741,17933,bright
0873,Super Princess Adventures #873,education,2024-11-05,1640328,478975776,43479,7340,7328,colorful
0874,Sparkly Cloud Adventures #874,entertainment,2024-11-13,526010,179895420,9988,909,3770,minimal
0875,Silly Puppy Champions #875,entertainment,2024-11-11,627104,177470432,23325,1134,8193,character_closeup
0876,Fluffy Dragon Friends #876,education,2024-08-30,858540,334830600,24850,2787,12275,colorful
0877,Cool Bubble Sing-Along #877,education,2023-02-26,377503,47942881,4330,1444,4068,colorful
0878,Brave Kitchen Champions #878,entertainment,2024-07-08,2486988,964951344,107496,3871,9117,cartoon
0879,Sparkly Dinosaur Builders #879,animation,2023-10-15,1200954,187348824,13311,5243,9090,bright
0880,Silly Dinosaur Adventures #880,education,2023-06-23,2158314,859008972,61611,7038,19218,cartoon
0881,Fluffy Forest Parade #881,education,2023-05-18,1578091,607565035,21437,4359,12730,colorful
0882,Cosmic Garden Mystery #882,entertainment,2023-04-24,1826836,714292876,22962,2319,13206,colorful
0883,Happy Forest Chaos #883,animation,2023-05-08,416910,91303290,9917,1432,1009,character_closeup
0884,Super Unicorn Builders #884,animation,2024-07-04,1311103,161265669,29567,1954,23822,colorful
0885,Super Garden Sing-Along #885,animation,2024-12-16,2319484,946349472,91450,9162,26826,cartoon
0886,Bouncy Bunny Heroes #886,education,2023-11-30,2498520,981918360,59194,10456,37479,minimal
0887,Rainbow Bubble Daycare #887,entertainment,2024-01-27,2181273,689282268,29228,5822,7151,colorful
0888,Sleepy Robot Sing-Along #888,animation,2023-12-30,1344491,82013951,45346,2844,13530,bright
0889,Wild Princess Champions #889,animation,2024-10-28,2356679,200317715,36883,1606,46388,character_closeup
0890,Sparkly Kitchen Parade #890,animation,2023-12-20,1436487,396470412,43553,1194,12652,cartoon
0891,Bouncy Robot Heroes #891,education,2023-06-01,614189,52820254,11664,604,6950,minimal
0892,Silly Kitchen Daycare #892,animation,2023-03-19,939417,68577441,33797,4459,6960,character_closeup
0893,Sleepy Kitten Party #893,animation,2024-11-01,2160452,771281364,95845,5976,32470,minimal
0894,Super Moon Friends #894,entertainment,2024-10-01,1049629,346377570,24532,1485,17280,bright
0895,Sparkly Dinosaur Friends #895,education,2024-07-11,1180620,194802300,30610,3171,19067,character_closeup
0896,Little Cookie Dreams #896,animation,2024-03-15,260504,78411704,12669,981,4744,bright
0897,Super Dragon Builders #897,animation,2023-11-20,2118567,713957079,36325,3986,18617,minimal
0898,Wild Dinosaur Dreams #898,entertainment,2024-07-18,1517949,364307760,27997,1467,7292,cartoon
0899,Funny Sunflower Sing-Along #899,education,2023-01-06,1509836,628091776,48392,1617,30106,colorful
0900,Wild Cookie Champions #900,education,2023-09-13,57259,7100116,1294,212,255,cartoon
0901,Sleepy Princess Sing-Along #901,entertainment,2024-02-08,2299617,432327996,109188,9863,45309,character_closeup
0902,Sparkly Robot Heroes #902,entertainment,2023-07-31,2387892,947993124,51517,1918,31859,character_closeup
0903,Brave Pirate Dreams #903,entertainment,2023-04-18,143821,20134940,3132,634,846,cartoon
0904,Funny Dragon Party #904,animation,2024-03-31,760425,88969725,18277,1030,10342,colorful
0905,Funny Kitten Daycare #905,education,2024-11-09,952339,295225090,31656,1397,12322,bright
0906,Brave Dinosaur Sing-Along #906,education,2024-01-18,1081805,413249510,28835,2317,6909,bright
0907,Cool Forest Dreams #907,entertainment,2023-03-03,307600,98432000,13278,981,2345,minimal
0908,Tiny Garden Heroes #908,animation,2023-08-22,1518358,317336822,64538,1617,12540,colorful
0909,Silly Cloud Sing-Along #909,animation,2023-04-07,1268404,213091872,43624,4378,3917,bright
0910,Funny Dinosaur Friends #910,animation,2024-07-23,2405659,488348777,69411,5807,33172,cartoon
0911,Little Garden Friends #911,animation,2024-11-25,469994,165437888,18565,1453,6360,character_closeup
0912,Bouncy Forest Chaos #912,education,2024-10-29,779495,152781020,19715,1859,6063,cartoon
0913,Secret Cloud Friends #913,education,2024-02-10,256147,85040804,2695,605,4568,bright
0914,Little Bunny Sing-Along #914,education,2023-07-11,207354,57229704,7417,472,1872,cartoon
0915,Funny Moon Champions #915,education,2023-02-03,1208253,117200541,40767,1119,18931,bright
0916,Secret Dragon Friends #916,animation,2024-12-25,1371344,536195504,44269,4048,8839,colorful
0917,Fluffy Bunny Friends #917,entertainment,2024-10-10,524076,64461348,25119,1839,4283,cartoon
0918,Tiny Unicorn Heroes #918,education,2024-09-10,1022082,209526810,15216,2409,5079,bright
0919,Rainbow Sunflower Adventures #919,entertainment,2023-07-30,306228,52977444,14704,590,3264,bright
0920,Cosmic Cloud Parade #920,entertainment,2024-06-19,99109,13379715,2399,384,1973,bright
0921,Mystery Dinosaur Daycare #921,animation,2023-04-10,994272,191894496,33337,2543,11572,character_closeup
0922,Rainbow Cloud Chaos #922,entertainment,2023-07-20,2199261,175940880,77141,6469,21626,character_closeup
0923,Cool Pirate Mystery #923,entertainment,2024-08-23,611734,154768702,26627,838,942,minimal
0924,Happy Sunflower Sing-Along #924,education,2024-10-16,673185,238980675,25550,742,971,character_closeup
0925,Brave Space Chaos #925,entertainment,2023-06-12,2080523,257984852,95267,6895,28139,colorful
0926,Mystery Bunny Parade #926,entertainment,2024-06-20,1608839,225237460,58117,4210,15382,character_closeup
0927,Giant Dragon Builders #927,education,2024-01-04,469254,108397674,5999,1684,3884,cartoon
0928,Sweet Dinosaur Chaos #928,animation,2024-05-22,1025732,104624664,35652,3675,3145,colorful
0929,Brave Crayon Chaos #929,entertainment,2023-09-27,1125974,139620776,52888,4886,16532,character_closeup
0930,Sparkly Kitchen Chaos #930,entertainment,2023-12-14,2419167,544312575,100065,2608,41677,minimal
0931,Wild Unicorn Friends #931,education,2023-07-04,605160,154315800,18262,2035,4385,colorful
0932,Rainbow Sunflower World #932,entertainment,2024-09-23,1288215,428975595,19085,2657,8259,character_closeup
0933,Giant Robot Friends #933,entertainment,2024-06-04,1030113,420286104,20845,2149,8600,cartoon
0934,Sweet Unicorn Sing-Along #934,entertainment,2024-07-26,1418982,517928430,59098,5280,10442,character_closeup
0935,Rainbow Princess Friends #935,education,2023-09-12,2365634,458932996,71767,6882,8765,colorful
0936,Funny Dragon Mystery #936,education,2024-10-26,575282,226085826,26160,2009,2809,character_closeup
0937,Sleepy Princess Heroes #937,entertainment,2023-04-07,774597,171960534,19355,1145,6629,colorful
0938,Brave Sunflower Dreams #938,entertainment,2024-11-11,956540,397920640,45828,3026,7258,cartoon
0939,Mystery Moon Sing-Along #939,entertainment,2023-04-01,657072,227346912,25127,1605,12823,bright
0940,Brave Kitchen Daycare #940,education,2023-11-15,920181,73614480,13533,570,2694,colorful
0941,Silly Cloud Dreams #941,entertainment,2023-02-27,2157938,371165336,105745,8542,38768,cartoon
0942,Magic Puppy Dreams #942,education,2024-12-29,2482250,543612750,91718,5719,27122,bright
0943,Cool Pirate Adventures #943,entertainment,2024-09-10,2033030,845740480,71976,7365,10205,minimal
0944,Super Kitten Adventures #944,animation,2024-10-24,1629506,262350466,50890,6927,18660,cartoon
0945,Sweet Cookie Dreams #945,education,2024-02-24,2109186,396526968,103576,4325,17923,cartoon
0946,Little Ocean World #946,entertainment,2023-05-22,441853,30929710,10957,579,8309,bright
0947,Golden Robot Builders #947,entertainment,2023-08-26,629599,124031003,13255,1835,3957,bright
0948,Sweet Sunflower Dreams #948,animation,2024-10-30,32432,2626992,1532,160,361,colorful
0949,Brave Cloud Friends #949,animation,2024-09-08,691763,41505780,29239,3026,859,cartoon
0950,Brave Cloud Heroes #950,education,2024-07-13,2148435,399608910,88024,3199,38610,colorful
0951,Happy Unicorn Chaos #951,education,2024-11-05,2411529,815096802,87342,7702,7966,cartoon
0952,Funny Cookie Friends #952,education,2023-04-16,1580972,607093248,34184,4492,5830,character_closeup
0953,Cool Dragon Dreams #953,animation,2023-03-03,1011908,294465228,18084,2301,19748,bright
0954,Fluffy Bunny Builders #954,animation,2023-04-10,697275,279607275,32628,2207,1959,colorful
0955,Brave Ocean Parade #955,animation,2024-01-08,640259,206163398,8509,552,11222,character_closeup
0956,Wild Bubble World #956,entertainment,2024-03-10,2216909,157400539,88303,4802,40441,bright
0957,Happy Princess World #957,education,2023-01-12,1033083,290296323,48067,4784,6616,minimal
0958,Secret Garden Sing-Along #958,education,2023-05-16,731238,258127014,13449,3428,9659,character_closeup
0959,Giant Moon Adventures #959,animation,2024-05-12,2205033,246963696,30632,8292,43990,minimal
0960,Super Cookie Party #960,education,2023-04-20,505987,160397879,14209,1516,3142,character_closeup
0961,Sweet Forest Adventures #961,entertainment,2023-01-29,330600,66781200,15044,1465,4967,character_closeup
0962,Bouncy Unicorn Dreams #962,animation,2024-12-23,2402629,333965431,85055,1714,46204,character_closeup
0963,Cosmic Crayon Parade #963,education,2023-07-19,2048639,528548862,33342,4173,22552,colorful
0964,Tiny Dragon Champions #964,entertainment,2024-01-02,1276843,180034863,31514,4725,13511,minimal
0965,Cosmic Sunflower Chaos #965,entertainment,2024-04-16,1724847,717536352,38598,1814,32068,cartoon
0966,Rainbow Kitten World #966,entertainment,2024-06-20,1949887,682460450,38882,1240,26859,colorful
0967,Sparkly Robot Adventures #967,animation,2023-07-29,2086613,542519380,97401,5804,29033,minimal
0968,Golden Dragon Heroes #968,education,2023-08-30,1185606,372280284,54814,3336,2652,bright
0969,Golden Dragon Sing-Along #969,animation,2024-10-11,1522409,596784328,63319,7270,18909,character_closeup
0970,Rainbow Cloud Heroes #970,animation,2023-10-04,910383,223043835,25017,3187,14650,bright
0971,Golden Kitchen Daycare #971,animation,2023-04-08,114475,15339650,2973,297,2081,colorful
0972,Sparkly Unicorn World #972,animation,2024-11-11,237240,47210760,9958,150,3359,minimal
0973,Bouncy Unicorn Friends #973,animation,2024-05-25,346535,90445635,8760,945,6265,minimal
0974,Fluffy Dinosaur Champions #974,animation,2023-12-27,1707860,374021340,80307,5590,5216,character_closeup
0975,Sleepy Dragon Mystery #975,animation,2024-11-17,225259,17344943,10258,300,2509,cartoon
0976,Wild Cloud Party #976,entertainment,2024-09-01,2349655,787134425,111205,1583,18913,minimal
0977,Silly Dragon Friends #977,animation,2024-08-18,2343081,339746745,47256,1556,20897,bright
0978,Tiny Princess Heroes #978,entertainment,2024-04-13,1265521,367001090,61588,3940,5859,colorful
0979,Silly Cloud Heroes #979,animation,2024-08-16,1956566,811974890,74770,8713,32999,colorful
0980,Happy Robot Sing-Along #980,education,2024-10-30,1931853,739899699,26421,2457,19419,character_closeup
0981,Giant Ocean Adventures #981,animation,2024-04-11,1576645,638541225,25242,6365,21699,character_closeup
0982,Silly Moon Party #982,education,2023-11-19,1640703,639874170,71166,3198,14309,colorful
0983,Cosmic Cookie Party #983,education,2024-02-01,993441,277170039,32647,2866,13679,character_closeup
0984,Tiny Sunflower Mystery #984,education,2024-07-04,496060,128975600,5925,1549,6732,cartoon
0985,Super Puppy Daycare #985,animation,2024-11-30,2158050,526564200,27497,6606,7282,character_closeup
0986,Cosmic Garden Builders #986,education,2024-02-08,514065,116178690,16072,1645,3994,cartoon
0987,Happy Space Friends #987,entertainment,2024-01-10,2374639,572287999,65371,5802,34139,colorful
0988,Brave Cloud Dreams #988,animation,2023-11-10,994632,229759992,42562,3065,7729,minimal
0989,Secret Sunflower Builders #989,education,2024-01-18,1056715,213456430,19009,822,14767,minimal
0990,Brave Dragon Heroes #990,animation,2024-06-29,159290,23415630,3354,195,246,minimal
0991,Little Space Parade #991,animation,2024-09-18,1566367,222424114,47716,2494,17369,colorful
0992,Tiny Dragon Parade #992,education,2024-08-17,1423418,552286184,22213,2371,2320,minimal
0993,Cool Bubble Champions #993,education,2024-11-01,600736,198843616,22598,1437,4019,bright
0994,Golden Sunflower Dreams #994,education,2023-05-17,445250,45860750,14508,1893,5839,colorful
0995,Silly Cloud Friends #995,education,2023-05-02,752037,291038319,13205,2758,7915,bright
0996,Rainbow Pirate Friends #996,education,2024-03-20,576883,41535576,9561,455,10045,bright
0997,Cool Unicorn Builders #997,entertainment,2023-04-20,1089833,210337769,50297,4323,7714,colorful
0998,Cool Pirate Adventures #998,entertainment,2024-03-01,1042304,330410368,17980,3221,14707,colorful
0999,Little Unicorn Friends #999,entertainment,2024-05-17,2347480,532877960,94149,8142,34935,colorful
1000,Silly Moon Parade #1000,animation,2024-09-14,1764390,342291660,44905,2818,30895,cartoon
